budget,n_days,n_orang,jarak_awal_km,jarak_optimasi_km,distance_reduction_pct,travel_time_reduction_pct,saving_km,saving_menit_nominal
1500000,1,1,131.53,88.9,32.41,32.41,42.63,63.9
1500000,1,2,131.53,88.9,32.41,32.41,42.63,63.9
1500000,1,4,6.22,6.22,0.0,0.0,0.0,0.0
1500000,2,1,183.81,96.13,47.7,47.7,87.68,131.5
1500000,2,2,19.43,14.57,25.01,25.01,4.86,7.3
1500000,2,4,18.23,11.94,34.5,34.5,6.29,9.4
1500000,3,1,88.07,38.37,56.43,56.43,49.7,74.5
1500000,3,2,22.53,11.74,47.89,47.89,10.79,16.2
1500000,3,4,62.45,30.02,51.93,51.93,32.43,48.6
1500000,5,1,113.45,63.47,44.05,44.05,49.98,75.0
1500000,5,2,113.29,62.91,44.47,44.47,50.38,75.6
3000000,1,1,29.33,29.33,0.0,0.0,0.0,0.0
3000000,1,2,29.33,29.33,0.0,0.0,0.0,0.0
3000000,1,4,72.7,27.8,61.76,61.76,44.9,67.4
3000000,2,1,55.85,43.25,22.56,22.56,12.6,18.9
3000000,2,2,99.54,30.39,69.47,69.47,69.15,103.7
3000000,2,4,58.58,32.94,43.77,43.77,25.64,38.5
3000000,3,1,89.19,46.08,48.34,48.34,43.11,64.7
3000000,3,2,123.64,55.82,54.85,54.85,67.82,101.7
3000000,3,4,25.39,16.88,33.52,33.52,8.51,12.8
3000000,5,1,102.72,59.7,41.88,41.88,43.02,64.5
3000000,5,2,43.1,27.9,35.27,35.27,15.2,22.8
3000000,5,4,100.92,61.27,39.29,39.29,39.65,59.5
5000000,1,1,29.33,29.33,0.0,0.0,0.0,0.0
5000000,1,2,29.33,29.33,0.0,0.0,0.0,0.0
5000000,1,4,29.33,29.33,0.0,0.0,0.0,0.0
5000000,2,1,75.17,44.0,41.47,41.47,31.17,46.8
5000000,2,2,57.44,30.08,47.63,47.63,27.36,41.0
5000000,2,4,99.54,30.39,69.47,69.47,69.15,103.7
5000000,3,1,89.19,46.08,48.34,48.34,43.11,64.7
5000000,3,2,107.17,45.82,57.25,57.25,61.35,92.0
5000000,3,4,123.64,55.82,54.85,54.85,67.82,101.7
5000000,5,1,79.58,67.88,14.7,14.7,11.7,17.6
5000000,5,2,104.87,67.88,35.27,35.27,36.99,55.5
5000000,5,4,79.65,63.46,20.33,20.33,16.19,24.3
8000000,1,1,6.22,6.22,0.0,0.0,0.0,0.0
8000000,1,2,29.33,29.33,0.0,0.0,0.0,0.0
8000000,1,4,29.33,29.33,0.0,0.0,0.0,0.0
8000000,2,1,12.61,7.04,44.17,44.17,5.57,8.4
8000000,2,2,57.44,30.08,47.63,47.63,27.36,41.0
8000000,2,4,99.54,30.39,69.47,69.47,69.15,103.7
8000000,3,1,89.19,46.08,48.34,48.34,43.11,64.7
8000000,3,2,89.19,46.08,48.34,48.34,43.11,64.7
8000000,3,4,87.62,41.96,52.11,52.11,45.66,68.5
8000000,5,1,79.45,67.92,14.51,14.51,11.53,17.3
8000000,5,2,79.45,67.92,14.51,14.51,11.53,17.3
8000000,5,4,104.87,67.88,35.27,35.27,36.99,55.5
10000000,1,1,6.22,6.22,0.0,0.0,0.0,0.0
10000000,1,2,6.22,6.22,0.0,0.0,0.0,0.0
10000000,1,4,29.33,29.33,0.0,0.0,0.0,0.0
10000000,2,1,12.61,7.04,44.17,44.17,5.57,8.4
10000000,2,2,70.29,38.13,45.75,45.75,32.16,48.2
10000000,2,4,57.44,30.08,47.63,47.63,27.36,41.0
10000000,3,1,24.46,17.91,26.78,26.78,6.55,9.8
10000000,3,2,89.19,46.08,48.34,48.34,43.11,64.7
10000000,3,4,87.62,41.96,52.11,52.11,45.66,68.5
10000000,5,1,86.29,66.75,22.64,22.64,19.54,29.3
10000000,5,2,79.45,67.92,14.51,14.51,11.53,17.3
10000000,5,4,104.87,67.88,35.27,35.27,36.99,55.5
