budget,n_days,n_orang,umkm_weight_dipakai,umkm_tanpa_scorer,umkm_dengan_scorer,total_kunjungan_makan,umkm_selection_increase,umkm_exposure_rate_pct,avg_umkm_score
1500000,1,2,0.35,2,3,3,1,100.0,0.5
1500000,3,2,0.22,1,8,9,7,88.9,0.911
1500000,5,2,0.5,7,13,15,6,86.7,0.727
3000000,1,2,0.35,2,3,3,1,100.0,0.5
3000000,3,2,0.35,4,7,9,3,77.8,0.389
3000000,5,2,0.22,3,10,15,7,66.7,0.647
5000000,1,2,0.35,2,3,3,1,100.0,0.5
5000000,3,2,0.35,4,8,9,4,88.9,0.5
5000000,5,2,0.35,9,11,15,2,73.3,0.7
8000000,1,2,0.35,2,3,3,1,100.0,0.5
8000000,3,2,0.35,4,9,9,5,100.0,0.911
8000000,5,2,0.35,3,12,15,9,80.0,0.72
10000000,1,2,0.35,2,3,3,1,100.0,0.5
10000000,3,2,0.35,5,9,9,4,100.0,0.967
10000000,5,2,0.35,3,12,15,9,80.0,0.72
