No,Judul Artikel,Kabupaten,Rangkuman (Paragraf Awal),Link Artikel
1,"Sejarah Terbentuknya Danau Toba, Kisah Letusan Gunung Berapi Raksasa",Danau Toba,"Sejarah Terbentuknya Danau Toba, Kisah Letusan Gunung Berapi Raksasa
 
 Ketahui sejarah terbentuknya Danau Toba di Sumatera Utara yang diketahui berasal dari letusan gunung berapi raksasa ribuan tahun silam.
 
 Danau Toba, sebuah keindahan alam di Pulau Sumatera, Indonesia, telah lama memukau wisatawan dan ilmuwan dengan pesona geologisnya yang luar biasa.
 
 Namun, di balik keindahan ini, tersembunyi kisah dramatis tentang sejarah terbentuknya yang melibatkan letusan gunung berapi raksasa yang mengubah wajah bumi.
 
 Berikut ini telah dirangkum sejarah terbentuknya Danau Toba yang kini menjadi tujuan wisata di Sumatera Utara.
 
 Letusan Gunung Berapi Super
 
 Sekitar 74.000 tahun yang lalu, dunia menghadapi peristiwa geologis dahsyat. Sebuah gunung berapi raksasa di wilayah yang sekarang menjadi Pulau Sumatera meletus dengan kekuatan tak terbayangkan.
 
 Letusan ini bukanlah letusan biasa, melainkan letusan gunung berapi super yang muntahkan material dan magma dalam skala luar biasa.",https://sidanau.brin.go.id/berita/baca-berita/17
2,"Sejarah, Legenda, dan Rute di Danau Toba",Danau Toba,"Danau Toba adalah destinasi ikonik di Sumatera Utara yang terkenal nggak hanya di Indonesia tetapi juga di mancanegara. Sebagai danau vulkanik terbesar di Indonesia, Danau Toba memiliki panjang sekitar 100 kilometer, lebar 30 kilometer, dan kedalaman hingga 505 meter. 
 Ukurannya yang besar menjadikannya salah satu danau terdalam di dunia, memberikan kesan megah dan menakjubkan bagi setiap pengunjung.
 
 Di tengah Danau Toba terletak Pulau Samosir, sebuah pulau yang hampir sebesar negara Singapura. Pulau ini bukan hanya menjadi pusat aktivitas wisata, tetapi juga menyimpan kekayaan budaya dan sejarah yang mendalam. 
 
 Dengan berbagai atraksi wisata, Pulau Samosir menawarkan pengalaman yang unik, mulai dari eksplorasi budaya Batak hingga keindahan alam yang memukau.",https://www.telkomsel.com/jelajah/jelajah-lifestyle/sejarah-legenda-dan-rute-di-danau-toba
3,"Danau Toba, Kawah Purba Terbesar di Dunia",Danau Toba,"Pada megaerupsi 74.000 tahun lalu, gunung api purba Toba memuntahkan sebanyak 2.800 km kubik material vulkanik dan abunya menyebar hingga sejauh 9.000 km.
 Keindahan Danau Toba tidak ada habisnya untuk dikupas. Dilihat dari sudut mana pun, pemandangan hamparan air danau berpadu lanskap perbukitan hijau nan asri memberi kesan tersendiri bagi siapa saja yang mengunjunginya. Panorama menawan dari sepotong surga di Sumatra Utara itu bakal membuat siapa pun terpukau dan jatuh hati dibuatnya. 
 
 Danau ini awalnya merupakan kawah vulkanik hasil letusan mahadahsyat dari Gunung Toba pada 74.000 tahun lampau. Berukuran panjang 100 kilometer dan lebar 30 kilometer serta titik terdalamnya mencapai 508 meter menjadikan Danau Toba sebagai danau kaldera terbesar di dunia.",https://indonesia.go.id/kategori/pariwisata/6867/danau-toba-kawah-purba-terbesar-di-dunia?lang=1
4,Kawah Putih Tinggi Raja,Simalungun,"Bicara soal wisata alam di Sumatra Utara tak ada habisnya. Di setiap kabupaten menawarkan pesona alam yang indah.
 
 Tak terkecuali di Kabupaten Simalungun. Kamu bisa datang ke Kawah Putih Dolok Tinggi Raja. Seperti apa sih wisata Kawah Putih Dolok Tinggi Raja? Yuk simak!",https://sumut.idntimes.com/travel/destination/kawah-putih-dolok-tinggi-raja-wisata-indah-di-simalungun-00-qzvn3-b9rbmv
5,Panorama Keindahan Bukit Sipolha,Simalungun,"Bukit Sipolha, yang terletak di Kabupaten Simalungun, Sumatera Utara, adalah destinasi wisata yang menawarkan keindahan alam yang memukau dengan pemandangan spektakuler Danau Toba.
 
 Bukit ini menjadi salah satu tujuan favorit bagi para wisatawan yang ingin menikmati ketenangan dan panorama alam yang luar biasa di daerah Sumatera Utara.
 
 Bukit Sipolha menawarkan pemandangan yang menakjubkan dengan latar belakang Danau Toba, danau vulkanik terbesar di dunia.
 
 Dari puncak bukit, pengunjung dapat menikmati pemandangan 360 derajat yang mencakup air biru Danau Toba, pulau-pulau kecil disekitarnya, dan hamparan hutan hijau yang luas. Pemandangan matahari terbit dan terbenam di sini sangat memukau dan menjadi momen yang ditunggu-tunggu oleh para fotografer dan pecinta alam.
 
 Ada beberapa aktivitas yang dapat kamu lakukan disini, seperti : tempat makanan dan minuman, trekking dan hiking, spot foto yang instagramable, piknik dan kemah.",https://ksdae.menlhk.go.id/artikel/12180/Aek-Nauli-Elephant-Conservation-Camp-Disambangi-DWP-Ditjen-PHLHK.html
6,Wisata Sejarah: Rumah Pengasingan Bung Karno di Parapat,Simalungun,"Kota Parapat merupakan salah satu tujuan pariwisata yang berada di Sumatera Utara. Kota di tepian Danau Toba ini menjadi saksi bisu sejarah bangsa Indonesia, karena di kota ini Presiden RI ke-1 Ir. Soekarno pernah diasingkan di pesanggrahan milik perkebunan Belanda.
 
 Sejarah mencatat, Proklamator RI Soekarno atau Bung Karno pernah menjalani pengasingan di Parapat, Kabupaten Simalungun, Sumatera Utara, mulai 4 Januari 1949.
 
 Bung Karno, bersama dua rekan seperjuangannya, Sutan Sjahrir (Perdana Menteri RI) dan Haji Agus Salim, lebih dulu dibuang ke Berastagi, Kabupaten Karo. Di sana, mereka ditahan sekitar 10 hari.
 
 Rumah pengasingan itu dibangun oleh Belanda pada tahun 1820. Bangunan berukuran 10 x 20 meter dengan arsitektur bergaya Eropa tersebut berdiri kokoh di atas lahan seluas dua hektare.
 
 Sedianya bangunan ini sebagai vila atau tempat menginap para mandor perkebunan jika berkunjung ke Parapat. Namun, dimanfaatkan oleh Belanda untuk mengasingkan para tokoh pejuang kemerdekaan.
 
 Di tempat inilah Soekarno bersama Sutan Sjahrir dan Agus Salim diasingkan mulai 4 Januari 1949 hingga 9 April 1949.",https://tobaria.com/wisata-sejarah-rumah-pengasingan-bung-karno-di-parapat
