No,Nama Kabupaten,Akomodasi_Hotel_Alamat,Akomodasi_Hotel_Harga,Akomodasi_Hotel_Ulasan Hotel,Akomodasi_Homestay_Alamat,Akomodasi_Homestay_Harga,Akomodasi_Homestay_Ulasan Homestay,Kuliner_Restoran_Alamat Restoran (Halal),Kuliner_Restoran_Harga,Kuliner_Restoran_Ulasan Restoran (Halal),Kuliner_Restoran_Alamat Rumah Makan (Khas Batak),Kuliner_Restoran_Harga_1,Kuliner_Restoran_Ulasan RM Khas Batak,Kuliner_Café_Alamat,Kuliner_Café_Harga,Kuliner_Café_Ulasan Cafe,Kuliner_Pub & Bar_Alamat,Kuliner_Pub & Bar_Harga,Kuliner_Pusat oleh-oleh,Kuliner_Pusat oleh-oleh_Ulasan,Transportasi_Kapal Ferry,Transportasi_Estimasi Biaya,Transportasi_Kapal Tradisional,Transportasi_Estimasi Biaya_1,Transportasi_Penerbangan (Silangit),Transportasi_Estimasi Biaya_2,Transportasi_Angkutan Umum,Transportasi_Estimasi Biaya_3,Transportasi_Rental Kendaraan,Fasilitas Umum_Rumah Sakit/Puskesmas,Fasilitas Umum_Rumah Ibadah,Fasilitas Umum_Bank & ATM,Fasilitas Umum_SPBU,Fasilitas Umum_Swalayan,Fasilitas Umum_Apotik/Toko Obat,Fasilitas Umum_Money Changer,Fasilitas Umum_Pasar Tradisional,Fasilitas Umum_Pelabuhan,Fasilitas Umum_MICE_Gedung,Fasilitas Umum_MICE_Jenis Event,Daya Tarik Wisata_Objek Wisata,Daya Tarik Wisata_Objek Wisata_Ulasan Objek Wisata,Daya Tarik Wisata_Biaya Masuk Destinasi,Daya Tarik Wisata_Sightseeing,Daya Tarik Wisata_Ulasan,Daya Tarik Wisata_Biaya Masuk Destinasi_1,Daya Tarik Wisata_Museum_Alamat,Daya Tarik Wisata_Museum_Harga,Daya Tarik Wisata_Museum_Ulasan,Daya Tarik Wisata_Cagar Budaya,Daya Tarik Wisata_Ulasan_1,Daya Tarik Wisata_Desa Wisata,Daya Tarik Wisata_Ulasan_2,"Daya Tarik Wisata_Atraksi (Paralayang, Arum Jeram dll)_Alamat","Daya Tarik Wisata_Atraksi (Paralayang, Arum Jeram dll)_Harga",Typical Tourist Profiles_Profil Wisatawan Nusantara 2024 (Jumlah Perjalanan Wisatawan),Typical Tourist Profiles_Profil Wisatawan Internasional (Jumlah Perjalanan Wisatawan),Typical Tourist Profiles_Durasi Kunjungan,Typical Tourist Profiles_Preferensi Bahasa,Typical Tourist Profiles_Budget Harian (Rp),Typical Tourist Profiles_Musim Kunjungan_Peak Season,Typical Tourist Profiles_Musim Kunjungan_Best Weather,Typical Tourist Profiles_Musim Kunjungan_Avoid,Typical Tourist Profiles_Demografi Usia_Age Group,Typical Tourist Profiles_Demografi Usia_Primary Activities,Typical Tourist Profiles_Demografi Usia_Secondary Activities,Typical Tourist Profiles_Demografi Usia_Spending Focus
1,Toba,"Labersa, Balige (Jl. Raya Pematang Siantar, Balige (081361610841, 08126827385)",1.140.000 - 2.349.500,"Rating 9,4/10
 
 Lumayan bersih, makanan bervariasi, lokasi oke, staff ramah, ada waterpark.
 Sejauh ini sangat memuaskan untuk liburan bersama keluarga (Source: traveloka.com)","Rose’s Homestay (Jl. Raya Meat Dusun Hisap, Meat, Kec. Tampahan, Toba, Sumatera Utara 22312)",200k-400k,"Rating 5/5
 
 Pertama kalinya ke desa meat membuat sy takjub dengan keindahannya.
 Kami menginap di Rose's Homestay dengan pemandangan tepian danau toba, udara yg sejuk, owner yg friendly.
 Homestay nya bersih, bener² bikin tenang krn memang di pedesaan tepian danau toba. Yg ga kalah menakjubkan owner dan sebagian warga masih tinggal d rmh adat batak ( msh melestarikan ) dan menenun kain khas batak.(Sc: tgoogle.com)","RM. Sinar Minang (Desa Meat Kecamatan Tampahan, Meat, Kec. Balige, Toba, Sumatera Utara 22312)",25000 - 45000,"Rating 5/5
 
 Cobain Rendang, Dendeng, sambal sama Telor Bebek Gorengnya....muantab banget. (Sc: google.com)","RM. Fly Over Laguboti (Jl. Siborong Borong - Parapat No.22, Pardomuan Nauli, Kec. Laguboti, Toba, Sumatera Utara 22381)",25000-50000,"Rating 5/5
 
 Best!!! Saya pesan naniura 1 ekor dan enaaak banget. Owner dan pegawainya juga ramah dan cekatan pelayanannya. Ada opsi duduk di gedung baru atau di tepi kolam. Kalau hari cerah, better pilih yang di tepi kolam, karena ada experience baru yg berbeda. Thank you!
 Bakalan balik lagi kalau lagi melewati Laguboti :).(Sc: google.com)","Damar Toba ~ Lakeside Eatery & Stay (Jl. Pemandian No.94, Lumban Silintong, Balige, Toba, North Sumatra 22312)",35000-150000,"Rating 5/5
 
 Kamarnya bersih & nyaman. Sewaktu check in, ada welcome drink. Staf ramah & sangat membantu. Makanannya enak. Di area restoran bisa duduk menikmati pemandangan danau. Ada area bermain untuk anak². Sunrise terlihat dari hotelsuka banget sama viewnyaa, apalagi pelayanan service nyaa sangat ramah.. untuk makanannya jugaa enak enakk.. kalo aku jujur siii resto yang paling pas untuk healingg.. suka banget sama kaliannn semua dsitu🤍. (Sc: google.com)",,,Batikta Balige,"Rating 5/5
 
 cappuccino nya enak banget! nendang sejak seruputan pertama. Ada rasa gurih dan pahit kopi yang terasa sampai di pangkal lidah. Aku coba kopi tetes juga, lumayan bisa mengganjal mata kantuk yang kurang tidur. Tempat ini keren, di belakang masih bisa menatap hamparan hijau padi yang dikotak-kotak olah pematang sawah.(Sc: google.com)","Kapal Ihan Batak
 (Jl. Bukit Barisan No.15, Kec. Balige, Toba, Sumatera Utara 22312)","15.000-50.000_untuk kendaraan roda dua
 
 170.000-1.172.000_Untuk Tarif mobil","Kapal Tradisional
 (untuk nama kapal tidak tentu)
 Balige-Onanrunggu
 Dari Balige-09.00
 Dari Onanrunggu-14.00","15.000/Orang
 15.000/ Kendaraan","Citilink
 Halim PK- Silangit DTB 
 Tiba-08.45
 Silangit DTB - Halim PK 
 Berangkat -09.25
 
 Setiap Hari",1.000.000 - 2.500.000,,,Tobaindo Travelling,Rumah Sakit HKBP Balige,"Masjid Al Hadhona Balige (Jl. Mesjid, Napitupulu Bagasan)",BRI Balige,SPBU Lumban Lobu,,,,Pasar Balerong Balige,Pelabuhan Balige,,F1 Powerboat 2023-2024,Pantai Lumban Bulbul,"Rating 4/5
 
 Lokasinya pun dilengkapi dengan fasilitas kamar mandi dan mushollah sehingga tidak mengalami kesulitan bagi umat Islam untuk melaksanakan ibadah sembahyang. Di lokasi ini juga dilengkapi sarana permainan seperti APV, banana boat dan naik perahu dengan harga yang masih ekonomis.(Sc: tripadvisor.co.id)","5,000",Bukit Singgolom,"Rating 5/5
 Lokasi keren untuk melihat sunset dan menatap keindahan danau toba dari sekitar kota balige (Sc: google.com)",Gratis,Museum Batak Center,,,,,Desa Wisata Jangga Dolok,,Sibodiala,,"751,225",379,"1,31 hari","Indonesia, Batak Toba, Inggris",WISATAWAN NUSANTARA = 500.000 - >1.000.000,"Juni-Agustus, Desember-Januari",April-September (Kering),November-Februari (Hujan lebat),18-25 tahun,"Adventure, sport","Fotografi, social media","Experience, food"
1,Toba,"Serenauli, Laguboti (Jl. Sisingamangaraja No.1, Laguboti 0812-6334-4295)",450.000 - 800.000,"Rating 9,4 /10
 
 staff hotelnya super ramah dan very helpful, recomended sekali untuk di datengin lagii (Sc: traveloka.com)","Home Stay Bagasan (Meat, Kec. Tampahan, Toba, Sumatera Utara 22312)",200k-400k,,"Warung Makan Muslim Bu Nurul (Jl. P. Siantar, Sibola Hotangsas, Kec. Balige, Toba, Sumatera Utara 22313)",15000-25000,"Rating 5/5
 
 Masakan kampung dan enak. (Sc: google.com)","Rumah Makan Panca Balige, Boima Laguboti",25000-50000,"Rating 5/5
 
 Babi Pangganganya terbaik
 Lengkap dengan sayur dan sop
 Beda dari yg lain ada nenas potong.(Sc: google.com)",Tepi Danau Bistro Balige Lumban Silintong,35000-150000,"Rating 5/5
 
 Makanannya enak..semua kerasa bumbunya
 Datang pas makan siang ,,agak ramai tp pesananny dtgny lumayan cepat..(Sc: google.com)",,,,,"Kapal Pora Pora (Jl. Justin Sirait No.32, Pardamean Ajibata, Toba, Sumatera Utara 21174)","15.000-50.000_untuk kendaraan roda dua
 
 170.000-1.172.000_Untuk Tarif mobil","Balige- Naingolan
 Balige_14.30
 Nainggolan_08.00","15.000/Orang
 15.000/ Kendaraan","AirAsia
 Silangit DTB - Jakarta CGK
 Berangkat- 10.10
 Jakarta CGK-Silangit DTB
 Tiba-09.45
  
 Setiap Hari",1.000.000 - 2.500.000,"KBT
  (Pardede Onan, Kec. Balige, Toba, Sumatera Utara)",70.000-80.000,,Rumah Sakit Porsea,"Masjid An-Nur Paritohan (Paritohan,Pintu Pohan,Pintu Pohan Meranti, Ambar Halim, Kec. Pintu Pohan Meranti)",Bank Sumut Balige,SPBU Pardede Balige,,,,Pasar Laguboti,Pelabuhan Ajibata ASDP,,Aquabike 2023,Air Terjun Situmurun,"Rating 5/5
 
 Baguuus sekali. Air terjun ini tidak tinggi dan tidak rendah juga, mungkin sekitar 50 meter dari permukaan air, tetapi karena lokasinya langsung jatuh menuju ke danau, maka buat siapa aja yang tidak bisa berenang hehehe agak riskan untuk main air karena langsung ke perairan dalam.(Sc: google.com)","5,000",Adian Nalambok,"Rating 5/5
 Rest Area Adian Nalambok merupakan Rest Area Pemandangan Indah Di Tepi Jalan Lintas Sumatera yang berada tepat view di belakang danau toba... Rest area ini baru direnovasi di tahun 2021 oleh Menteri Pariwisata Bapak Sandiaga Uno.. View yang ditawarkan direst area ini sangat cantik. Dan cocok sekali bagi yang hobby foto berfoto dan instagramable.. Very recommended place to see!! (Sc: google.com)","10,000",,,,,,Desa Wisata Meat,"Rating 5/5
 Tempat ny nyaman sekali.. Healing menangkan fikiran pas banget.. Semoga semakin sukses, semakin maju ya.. (Sc: google.com)",,,,,,,WISATAWAN MANCANEGARA = 800.000 - >1.500.000,,,,26-40 tahun,"Culture, nature","Shopping, culinary",Balanced spending
1,Toba,Purnama Balige (Jl. Pardede Pasir No.21 0812-3033-7775),350.000 - 600.000,"Rating 10/10
 
 Sangat memuaskan..Hotel dengan view Danau Toba dengan kamar yg bersih dan nyaman serta makanan yang terjamin Halal..Dan yang paling berkesan adalah layanan Speedboat gratis yang membuat liburan makin berkesan..Terima Kasih Purnama Balige Hotel.. (Sc: traveloka.com)","Vania Homestay (Desa Meat Kecamatan Tampahan, Meat, Kec. Balige, Toba, Sumatera Utara 22312)",200k-400k,"Rating 5/5
 
 Lokasi dekat dari gapura desa meat (Sc: google.com)","Warung Zamzam (Jl. Patuan Nagari No.99, Ps. Porsea, Kec. Porsea, Toba, Sumatera Utara 22384)",15000-25000,"Rating 5/5
 
 Pilihan menunya banyak, tempatnya nyaman.
 Dan cita rasanya cocok di lidah.
 Harganya juga nggak bikin kantong bolong 😀 (Sc: google.com)","Rumah Makan Khas Karo Tambar Lihe (Japan Jl. Patuan Nagari, Sangkar Nihuta, Kec. Balige, Toba, Sumatera Utara 22313)",25000-50000,"Rating 5/5
 
 Panggang B2 di kota balige.mantaps rasanya.gurih dagingnya ...pengemar masakkan B2 wajib ke sini...(Sc: google.com)","Green's Cafe Balige (Jl. Gereja No.32, Lumban Dolok Haume Bange, Kec. Balige, Toba, Sumatera Utara 22315)",25000-50000,,,,,,"Kapal Kaldera Toba (Jl. Bukit Barisan No.15, Kec. Balige, Toba, Sumatera Utara 22314)","15.000-50.000_untuk kendaraan roda dua
 
 170.000-1.172.000_Untuk Tarif mobil",,,"Super Air Jet
 Silangit DTB-Jakarta CBK 
 Berangkat-10.05 dan 13.50
 Jakarta CGK-Silangit DTB
 Tiba-09.25 
 
  Setiap Hari",1.000.000 - 2.500.000,"KPT
 Jl. Patuan Nagari No.73, Pardede Onan, Kec. Balige, Toba, Sumatera Utara 22312",70.000-80.000,,Puskemas Tandang Buhit Balige,HKBP Balige,BNI Balige,SPBU Hutabarat Balige,,,,Pasar Porsea,Pelabuhan Ajibata Swasta,,Seribu Tenda Meat,Pantai Pasir Putir Parparean Porsea,"Rating 4/5
 
 Keindahan Danau Toba tak akan habis - habisnya bisa kita nikmati dari berbagai sudut dan tempat. Kali ini aku menikmati Danau Toba dari Parparean, Porsea. Danau yang masih sunyi dan tempat yang masih asri. Tidak ada pungutan retribusi saat aku menikmati keindahan Danau Toba dari Parparean. Sangat indah dan asri dan danau yang membiru. Silahkan dikunjungi (Sc: tripadvisor.co.id)","5,000",Bukit Senyum Motung,"Rating 5/5
 Lokasi kemping menarik di Danau Toba. Berada di ketinggian yang sangat mengundang kedinginan di malam hari jadi persiapakan perlengkapan tidur yang lengkap agar anda tidak kedinginan di malam hari. Pemandangan yang sangat menarik ketika matahari terbenam dan suasana alam yang masih alami dengan pepohonan di seputar lokasi kemping. (Sc: google.com)",Gratis,,,,,,,,,,,,,,,,,,41-55 tahun,"Relaxation, culture","Heritage, shopping","Comfort, quality"
1,Simalungun,"Hotel Atsari Parapat (Jl. TPR SINAGA NO.29 Parapat, Kec. Girsang Sipangan Bolon, Kabupaten Simalungun)",600.000 - 800.000,"Rating 8,5/10
 
 Pelayanan staf hotel ramah, lingkungannya aman dan nyaman. Ada restoran dan cafe yang bagus. Terima kasih. (Sc: traveloka.com)","Homestay Kampung Warna Warni Tigarihit (Parapat, 081314499556)",200k-400k,"Rating 5/5
 
 Homestay yang nyaman bersih dan lengkap. Fasilitasnya oke banget dan harganya aman dikantong. Kita bisa memasak juga disini dan ada taman yang asri. View Danau Toba bisa dilihat dari lantai 2. Disediakan air putih dan teh untuk kita. (Sc: google.com)","Rumah Makan Sederhana (Jl. Siborong Borong-Parapat, Tiga Raja, Kec. Girsang Sipangan Bolon)",20000-35000,"Rating 5/5
 
 Makanan okey Pelayanan cepat Suasana adem Good lah, cocok persinggahan (Sc: google.com)","Rumah Makan Khas Batak PAJAR (Jl. Lintas Sumatera No.132-201, Pinang Ratus, Kec. Jorlang Hatara)",25000-50000,"Rating 5/5
 
 Harga terjangkau, nikmat, mantap, bisa catering, berkualitas.(Sc: google.com)","Pak Pos Cafe (Jl. Sisingamangaraja, Tiga Raja, Kec. Girsang Sipangan Bolon)",25000-50000,"Rating 5/5
 
 Makanannya rata2 enak. Minumnya juga enak. Harga juga masih terjangkau. Desain cafe juga bagus. Cuma jangan duduk dekat pohon ya guys. Banyak nyamuk. Karna lokasinya terbuka. Cocok untuk nyantai dan ngopi disini. Pelayanannya juga lumayan bagus.(Sc: google.com)",,,Toko Khas Parapat (Jalan lintas Parapat),,"KMP Sumut I
  Pelabuhan Tigaras, Kec. Dolok Pardamean, Kabupaten Simalungun, Sumatera Utara 21163","30.000-150.000
 Menyesuaikan dengan Jenis Kendaraan","Rute Tigaras-Simanindo
 Tigaras_08.15-19-15
 Simanindo_06.15-17.45","15.000/orang
 15.000/ Kendaraan","Batik Air
 Silangit DTB-Jakarta CGK
 Berangkat- 12.05 dan 14.10
 
 Jakarta CGK - Silangit DTB 
 Tiba- 11.25 dan 14.10
 
 Setiap Hari",1.000.000 - 2.500.000,"KBT
 Jl. Siborongborong - Parapat No.14, Tiga Raja, Kec. Girsang Sipangan Bolon, Kabupaten Simalungun, Sumatera Utara 21174",65.000-70.000,,Rumah Sakit Parapat,"Mesjid Taqwa Parapat (Jl. Sisingamangaraja No.2, Simalungun, Kec. Girsang Sipangan Bolon)","BNI Parapat (Sisingamangaraja No.215, Tiga Raja, Kec. Girsang Sipangan Bolon)",,,,"Efata DolarAsia money changer (SOSOr BABA, terminal, Tiga Raja, Girsang Sipangan Bolon)",,Pelabuhan Tiga Raja (Parapat),,APRC,,,,Bukit Indah Simajarunjung,"Rating 5/5
 Tempat wisata yang menarik, cocok untuk anak-anak dan dewasa, banyak spot fotonya yang langsung backgroundnya danau Toba. (Sc: google.com)","15,000",Rumah Bolon Pematang Purba,,"Rating 5/5
 Belajar mengenal sejarah dan Rumah Adat Simalungun sambil menikmati alamnya yg sejuk dan hening. Tetap menjaga dan melestarikan budaya yg ada. Agar wisatawan lokal dan mancanegara tetap berkunjung. (Sc: google.com)",Situs Cagar Budaya Megalitik ‘Batu Gajah’,"Rating 4/5
 Kami telah mengunjungi batu Gajah dalam perjalanan dari arung jeram. Itu adalah tempat yang bagus untuk melihat megalit. Kami juga kagum dengan lokasi tempat situs ini. Itu adalah bagian tengah sawah jadi hijau di sekeliling tempat dengan pemandangan yang menakjubkan. (Sc: google.com)",,,,,"2,595,069",0,,"Indonesia, Batak Simalungun, Inggris",WISATAWAN NUSANTARA = 600.000 - >1.200.000,mei-September,Maret-Oktober,November-Februari,55+ tahun,"Spiritual, heritage",Nature viewing,"Service, accessibility"
1,Simalungun,"Hotel Niagara (Jl. Pembangunan No.1, Parapat, Kec. Girsang Sipangan Bolon, Kabupaten Simalungun (0625 - 41028))",600.000 - 900.000,"Rating 9,4/10
 
 Suasananya sangat nyaman, view-nya juga sangat menyenangkan... Pemandangannya juga keren abis 👍 (Sc: traveloka.com)","Penginapan Pantai Kenangan (Jalan Lintas Tigaras Arah Tanjung Unta,Desa Parmahanan,Kecamatan Dolok Pardamean, Kabupaten Simalungun)",200k-400k,,"Pondok Kharunnisa (Jl. Haranggaol No.23, Tiga Raja, Kec. Girsang Sipangan Bolon)",20000-40000,"Rating 5/5
 
 Rumah makan semi resto dengan aneka menu masakan yg sesuai dengan selera kita,dan yg pasti dengan harga yang pas di kantong pelajar dan mahasiswa,pokoknya mantap abis 👌👌👍 (Sc: google.com)","Rumah Makan Anugerah (Parapat, Girsang Sipangan Bolon)",20000-40000,"Rating 5/5
 
 Respon lumayan cepat, pesan langsung di antar, cocoklah untuk yang tidak tahan lapar, seperti saya🤣. (Sc: google.com)","Warkop Panorama I Panatapan PARAPAT ( Sibaganding, Girsang Sipangan Bolon)",20000-50000,"Rating 5/5
 
 Tempat favorit untuk istirahat sambil ngopi. Udaranya sejuk, view-nya bikin betah langsung dengan view Danau Toba, saat pulang kampung saat naik motor wajib singgah kesini. (Sc: google.com)",,,Toba Nauli (Jalan Haranggaol no 3),,"KMP Sumut II
  Pelabuhan Tigaras, Kec. Dolok Pardamean, Kabupaten Simalungun, Sumatera Utara 21164","30.000-150.000
 Menyesuaikan dengan Jenis Kendaraan","Tigaraja-Tomok
 Tigaraja_07.00-15.00
 beroperasi sekali 2 jam
 Tomok_08.30-17.30
 beroperasi sekali 2 jam","15.000/orang
 15.000/ Kendaraan","Citilink
 Silangit DTB - Batam BTH 
 Berangkat- 13.50
 
 Batam BTH - Silangit DTB
 Tiba- 12.30
 
 Senin dan Jumat",1.000.000-2.500.000,"PARISMA
 Jl. Sisingamangaraja No.97, Pardamean Ajibata, Kec. Ajibata, Toba, Sumatera Utara 21174",65.000-70.000,,Hospital Mr. Rondahaim,"Masjid Al Mukhlisin (Pematang Dolok Kahean, Tapian Dolok)","Bank Sumut Parapat (l. Haranggaol No.50, Tiga Raja, Kec. Girsang Sipangan Bolon)",,,,,,Pelabuhan Tigaras (Tigaras),,Fun Fishing Festival H2O (F3H2O) 2023,,,,Pantai Bebas Parapat,"Rating 5/5
 Pantai bebas Parapat yg sangat bagus sekali,.bagi para wisata yg mau liburan,,cobalah datang ke danau Toba,,pasti senang berlibur sama anak anaknya,,danau Toba ini lengkap wahana airnya,biaya wahana murah,.penginapan banyak.makana sekitar danau Toba lengkap. (Sc: google.com)",Gratis,,,,Rumah Adat Simalungun,,,,,,,,,,,,,,,,,
1,Simalungun,"Hotel Khas Parapat (Jl. Marihat No.1, Danau Toba, Kec. Girsang Sipangan Bolon, Kabupaten Simalungun (0625-41012))",650.000 - 950.000,"Rating 9,7 /10
 
 staff hotel yang merespon via wa, luar biasa responsif, jelas, dan sabar menghadapi kebawelan saya. untuk yg superior, tidak hanya sarapan, tapi juga dapat makan siang include lho, kalau yg deluxe malah dapat sarapan, maksi, dan makan malam...dimana ada hotel sebaik itu...
 terus danaunya milik pribadi hehe, tidak bercampur dengan pengunjung di luar hotel, saya lihat pagi2 tepian danaunya dibersihkan, bakalan ke sini lg karena hotelnya instagrammable juga.. (Sc: traveloka.com)",,200k-400k,,"Rumah Makan Pos Parapat (Jl. Sisingamangaraja, Tiga Raja, Kec. Girsang Sipangan Bolon)",25000-50000,"Rating 5/5
 
 Ini salah satu tempat makan halal enak di Parapat. Lokasinya strategis dan nyewa di kantor pos. Menu2nya enak semua di sini kecuali gado2. Telur barendo nya ajib, sopnya segar, arsiknya berasa. Tastenya serasa makanan rumahan dan pastinya dijamin halal. (Sc:google.com)","Rumah Makan Khas Batak Parapat (Jl. Sisingamangaraja, Sipangan Bolon, Kec. Girsang Sipangan Bolon)",25000-50000,"Rating 5/5
 
 Makanannya enak, ikan bakar nya segar. Daun ubi tumbuknya jg enak ,pas dilidah.👍🏻👍🏻 (Sc: google.com)","Sopou Cafe & Resto (Jl. Sutomo, Seribu Dolok, Kec. Silimakuta,)",20000-50000,"Rating 5/5
 
 Siapa nih yg belum ke sini ?
 Sebelum ke Saribudolok, bolehlah mampir sini dulu ngopi2 cantik, lihat view dari rooftop atau menikmati aneka makan dan minum yg disedikan cafe ini. Harga dan rasa sesuailah, worth it di lidah, worth it di kantong ☺️(Sc: google.com)",,,Pago-Pago (Jalan Haranggaol no 3),,,,,,,,KPT,70.000-80.000,,Rumah Sakit Balimbingan,"Masjid Raya Nurul Islam (JL Besar Sidamanik, Sarimatondang, Sidamanik, Ambarisan, Kec. Sidamanik)","BNI Saribudolo (Seribu Dolok, Silimakuta)",,,,,,,,Event Haranggaol Fun Run 2023,,,,Bukit Sipolha,"Rating 5/5
 Suasana danau toba yang nyaman dan asri,
 Datang di hari weekday akan memberikan suasana yang sangat bisa dinikmati, jauh dari kebisingan, hanya ada beberapa orang dan tempat yang bersih.
 Ada 2 pilihan jalan kalau dari arah jalan bah butong. Pilihan jalan pertama, jalannya bagus dan tidak terlalu curam. Tapi kalau pilih jalan yang kedua, maka jalan lebih curam dan lebih panjang jalan rusak nya.
 Di atas bukit nya, kalau siang hari pasti sangat panas, jadi untuk yang mau berkunjung, jangan lupa pakai sun screen yaa, kalau gak mau kulit nya kebakar sinar matahari. (Sc: google.com)","15,000",,,,,,,,,,,,,,WISATAWAN MANCANEGARA = 900.000 - >1.800.000,,,,,,,
1,Simalungun,,,,,,,,,,,,,,,,,,,,,,,,,,"SEJAHTERA
 Medan-Parapat
 Jl. D.I. Panjaitan I, Pardamean Ajibata, Kec. Ajibata, Toba, Sumatera Utara 21174",70.000-80.000,,,,,,,,,,,,,,,,,,,,,,,,,,,,,,,,,,,,,,,
1,Simalungun,,,,,,,,,,,,,,,,,,,,,,,,,,"Damri ( Parapat- Silangit) 
 MW5M+QRH, Jl. Justin Sirait, Pardamean Ajibata, Kec. Ajibata, Kabupaten Simalungun, Sumatera Utara 21174","65.000-220.000 
 (Parapat-Silangit)
 30.000-70.000 
 (Parapat-Siantar)",,,,,,,,,,,,,,,,,,,,,,,,,,,,,,,,,,,,,,,
3,Karo,"Mickey Holiday Resort (Jl. Jamin Ginting, Desa Sempajaya, Berstagi (0628-91650))",550.000 - 900.000,"Rating 10/10
 
 sudah 2 kali nginap di mikie, selalu puas dengan pelayanannya, variasi sarapan yang sangat banyak jenisnya, rasa masakannya enak, betah sekali dengan suasana lingkungan hotelnya. (Sc: traveloka.com)","Guest House Simole (Jl. Veteran No. 155, Berastagi)",200k-400k,"Rating 8,5/10
 
 Kamar lapang, bersih, air bening, sprei bersih. Peralatan mandi disediakan.. (Sc: traveloka.com)","Rumah Makan Minang Saiyo (Jl. Veteran No.39, Berastagi)",20000-35000,"Rating 5/5
 
 Tempat makan 24jam dengan menu yang variatif, enak, halal, cocok untuk kantong dan ada wifinya. (Sc: google.com)","BPK Tesalonika Peceren (Jl. Jamin Ginting, Desa Sempajaya, Berastagi)",25000-50000,"Rating 5/5
 
 Tempatnya menyenangkan karena disediakan area indoor AC dan outdoor. Pelayanan ramah, sat set menu pesanan langsung disajikan. Semua enak, sayang dagingnya agak kering (bagi saya) tapi rasa tetap enak, arsiknya juga enak. (Sc: google.com)","Cafe Jabu (Jl. Gundaling, Kec. Berastagi)",35000-150000,"Rating 5/5
 
 Tempatnya luas dan nyaman, datang ke sini malam hari suasananya makin adem. Makanannya enak banget, porsinya juga banyak. Worth it banget buat dikunjungi!(Sc: google.com)","Mesikel and Bar (Jl. Trimurti No.58, Berastagi)",,"Toko Kopi Berastagi Pak RM (Jl. Veteran, Kabanjahe)",,"KMP Jurung-Jurung
  Silalahi, Jalan, Tongging, Merek, Karo Regency, North Sumatra 22173","30.000-70.000
 Menyesuaikan dengan Jenis Kendaraan",,,,,Almasar,30.000-50.000,"Sibayak Explore Travel Berastagi
 Tambak Lau Mulgap I, Kec. Berastagi, Kabupaten Karo, Sumatera Utara","RSUD Kabanjahe (Jl. Selamet Ketaren No.08, Kabanjahe)","Masjid Agung Kabanjahe (Jl. Veteran, Kabanjahe)","Mandiri Kabanjahe (Jl. Veteran No. 19, Padang Mas, Kabanjahe)",SPBU Berastagi,Indomaret Merek,Apotek Bethesda Berkat,,Pasar Buah Berastagi,Pelabuhan Tongging,,Festival Bunga dan Buah,Gunung Sibayak,"Rating 4/5
 
 Pendakian yang menyenangkan, tidak membutuhkan waktu yang lama untuk mencapi puncak. Tetapi tetap dibutuhkan kondisi tubuh yang prima. Jika cuaca cerah di pagi hari, matahari terbit menjadi hadiah pendakian yang luar biasa.(Sc: tripadvisor.co.id)","10,000",Bukit Gajah Bobok,"Rating 5/5
 Masuk gratis dengan view yang memanjakan mata dan sekalian naik keatas , ketempat tertinggi biar lebih luas view yang bisa kamu lihat , bisa juga jadi alasan untuk kamu yang mau banyak bergerak karena lumayan memakan tenaga kalau mau naik keatas , overall bagus tempat nya , bersih dan dijaga . (Sc: google.com)","7,500",Musuem Pusaka Karo,,"Rating 5/5
 Meskipun museumnya kecil, namun kaya informasi tentang budaya karo
 Tempatnya bersih nan asri
 Sangat direkomendasi (Sc: google.com)",Rumah Adat Lingga,"Rating 4/5
 Pemandangannya sejuk dan cocok untuk ber wisata. (Sc: google.com)",Desa Wisata Raya Seribu Bunga,"Rating 5/5
 Kemarin masuk kesini nggak dikenakan biaya masuk / uang parkir. Jadi 100% free untuk menikmati keindahan tamannya. Tamannya bersih, nggak ada sampah berserakan dan pemandangannya bagus sekali. Ditambah dengan cuaca Brastagi yang adem, tempat ini cocok banget untuk refreshing dan menghilangkan penat. Ada cafenya juga tapi belum sempat coba makanannya. Next time bakalan kesini lagi sekalian nyobain makanan di cafenya. (Sc: google.com)",Kuliki Paralayang Karo,,"2,305,891",0,,"Indonesia, Inggris, Batak Karo",WISATAWAN NUSANTARA = 400.000 - >800.000,April - September,Juni-Agustus(Sejuk & kering),Oktober-Februari (Kabut tebal),,,,
3,Karo,"Grand Mutiara Hotel (Jl. Jamin Ginting No.168, Desa Sempajaya, Berastagi (0628-91311))",750.000 - 950.000,"Rating 9,1 /10
 
 Stafnya sangat membantu selama proses check in. Secara keseluruhan pengalaman menginap yang menyenangkan dengan kamar yang besar. Kolam renang dapat dirawat dan disaring lebih baik. (Sc: traveloka.com)","Losmen Mexico (Jl. Veteran No.18, Berastagi)",200k-400k,"Rating 10/10
 
 bersih dan nyaman dan tenang sehingga tdr terasa nyenyak (Sc: traveloka.com)","Warung Wajik dan Pecel Bahagaia Peceren (Jl. Jamin Ginting No.7-11, Berastagi)",20000-50000,"Rating 5/5
 
 Warung wajik satu ini legend loh ges. Primadona disini itu pecal nya. Enak banget 🤩, seporsinya 25rb. Kue-kue nya itu semua sama harga ya yaitu Rp2.500. dan disini gak hanya pecel ya ada spesial order juga. Ada sop iga yang gurih, cah kangkung terasi yang mantap. Harga juga gak gitu mahal lumayan terjangkau dan pastinya halal ya. Pelayanan juga super ramah 💯. Tempat luas, bersih, nyaman dan tenang. So kalau kamu ada ke kota brastagi jangan lupa nyobain kuliner legend ini ya ges. (Sc: google.com)",Mari Ras BPK (Jl. Veteran No.345 Berastagi),25000-50000,"Rating 5/5
 
 Tempat makan bakso mie pansit,bakso beranak, bakso beranak ungu. Kebunnya unik unik tetapi tetap nikmat . (Sc: google.com)","Kesain Cafe (Sempajaya, Kec. Berastagi)",,"Rating 5/5
 
 Tempat yg nyaman, santai juga ada live musiknya.
 Cocok utk tempat nongkrong anak muda, dan family.
 Harga relatif standard.
 Lokasi yg nyaman, jauh dari keramaian kota.(Sc: google.com)","Sivanet Mejersquad (Jl. Gundaling II, Berastagi)",,"Zhorenta Minyak Karo (Gg. Bakti, Kabanjahe)",,"Boat Paepira Lakeside
 Sibolangit, Kec. Merek, Kabupaten Karo, Sumatera Utara 21167
 
  Hp. 085975032287",,,,,,"Sumatera Transport (Sutra)
 Jl. Veteran, Gung Leto, Kec. Kabanjahe, Kabupaten Karo, Sumatera Utara 22111",30.000-40.000,Berastagi Tour and Travel,"Rumah Sakit Efarinna Etaham (Jl. Jamin Ginting, Kabanjahe)","Masjid Al-Ikhlas (Jl. Tongkoh-Tigapanah, Kec. Barusjahe)",BRI Kabanjahe (Jl.,SPBU Kabanjahe,Indomaret Kabanjahe,Apotek Kimia Farma Kabanjahe,,Pasar Tradisional Tigapanah,,,Tour de Sinabung,Pemandian Air Panas Sidebuk-debuk,"Rating 4/5
 
 Tempat nya luas, air kolam nya juga bersih
 tapi untuk kamar mandi sangat kotor dan seram karna minim pencahayaan
 Makanan nya murah, untuk rasa lumayan (Sc: google.com)","5,000",Air Terjun Sipiso Piso,"Rating 5/5
 Tempat yang sangat bagus , pemandangan nya sangat indah , rasanya senang sekali bisa kesini dan mungkin mau kesini lagi dilain waktu . Uang masuk nya 10rb per orang atau permotor dan kalau uang parkir 5rb permotor . Ada toilet gratis dan tempat jualan baju dan juga tempat makan . Disini kalau mau melihat air terjun sipiso piso kamu harus turun tangga kebawah yang lumayan jauh sekitar 1000 tangga dan kalau jalan pelan pelan mungkin memakan waktu 1 jam kurang lebih dan naik ke atas memakan waktu lebih lama karena lebih berat kalau naik keatasnya , saran kalau punya penyakit jantung dan sesak nafas jangan turun kebawah karena bisa berakibat fatal dan untuk yang punya kaki cedera atau kaki yang mudah sakit atau semacam nya juga disarankan foto dari atas atau lihat sekitaran soalnya melihat dari jauh juga lumayan bagus . Pengalaman ini akan kuingat sebagai pengalaman terbaik yang aku punya.(Sc: google.com)","7,500",Museum Nasional Jamin Gintings,,"Rating 5/5
 Tampatnya bagus, unik,
 Tiket masuknya murah banget,
 Mungkin perlu dipromosikan lagi, agar lebih banyak lagi orang tahu dan datang berkunjung. (Sc: google.com)",Situs Meriam Putri Hijau,,Desa Wisata Dokan,"Rating 5/5
 Desa dokan merupakan desa wisata budaya karo. Di desa dokan terdapat rumah adat yang usianya ratusan tahun dan terdapat yang namanya lesung merupakan tempat untuk menumbuk padi. (Sc: google.com)",,,,,,,,,,,,,,
3,Karo,"Taman Simalem Resort (Jl. Raya Merek - Sidikalang, Kec. Merek, Kab. Karo, 22173 (0626-14577616))","1,300,000","Rating 9,1 /10
 
 puas menginap disini, staf ramah, kebersihan terjaga dan view sekitar hotel sangat bagus (Sc: traveloka.com)",Penginapan Keluarga Permata Ivana Berastagi,200k-400k,"Rating 10/10
 
 Nyaman dan recepcionis RedDoorz juga ramah.. (Sc: agoda.com)","Vhivhi Resto (Jl. Lumban Hasahatan, Kec. Tongging)",25000-100000,"Rating 5/5
 
 Kalo ke tongging selalu singgah ke Vhi vhi resto..ikan nya enak apalagi ikan sambel dabu dabu 👍,view ny paling best.
 Tapi ut bbrp pelayan nya mgkn harus di briefing lagi ut jgm mendumel di depan cust ya 😆(Sc: google.com)","Restoran Asia (Jl. Veteran No.18-20, Berastagi)",75000-100000,"Rating 5/5
 
 Untuk porsi nya pas, harga masih terbilang standart restoran pinggir jalan.. pesan 3 menu dan nasi total 350rban. Parkir ketika ke sana hari Minggu bukan weekend atau libur jadi tetap tersedia parkir (Sc: google.com)",Takar Coffee and Resto (Jl. Besar Kabanajahe - Merek KM 9),,"Rating 5/5
 
 Asyik untuk nongkrong dan dinner...
 Terletak di pinggir jalan nasional, simpang ergaji.
 Saat malam ada perapian yang cukup untuk menghangatkan dingin, karena konsep nya ruangan terbuka. (Sc: google.com)","Pangkas Alter Delauw (Jl. Gundaling I, Berastagi)",,Pasar Buah Berastagi,"Rating 5/5
 
 Pengalaman yang menyenangkan, banyak hal yang menarik disini... Bisa belanja banyak hal, berkuda juga hal yang very interesting 😍. (Sc: google.com)",,,,,,,"Sinabung Jaya
 Jl. Veteran, Gung Leto, Kec. Kabanjahe, Kabupaten Karo, Sumatera Utara 22111",30.000-40.000,Kabanjahe Rental Mobil,"Rumah Sakit Ester (Jl. Veteran No.21, Kabanjahe)","Masjid As-Sawiyah (Jl. Jamin Ginting No.48, Gurusinga)",BNI Kabanjahe (Jl.,SPBU Merek,Alfamidi Berastagi,Apotek Lampas Malem,,Pasar Pekan Senen Pajak Singa,,,Karo Musik Camp 4.0,Danau Lau Kawar,"Rating 5/5
 
 Tempat yang wajib didatangi setidaknya sekali seumur hidup kalo lagi liburan ke Tanah Karo 😁👍🏻 nice place to go with your friends, your family, or maybe your bf/gf (Sc: google.com)","5,000",Tongging,"Rating 5/5
 Tongging salah satu desa di pesisir Danau Toba, menjadi Desa Perbatas dengan Desa Silalahi dan Paropo. (Sc: tripadvisor.co.id)","20,000",Museum Karo Lingga,,"Rating 5/5
 Museum ini adalah permata. Jika tidak ada orang di museum, berjalanlah menuju jalan utama menuju tempat makan bernama Tasak Telur. Keluarga pemilik restoran tersebut juga mendirikan dan memelihara museum. Wanita yang menemani saya sepanjang kunjungan saya di museum memberikan konteks artefak yang terperinci dan mencerahkan serta membuat kunjungan saya jauh lebih bermakna. Penerimaan dilakukan dengan sumbangan sukarela. (Sc: google.com)",Desa Budaya Dokan,"Rating 5/5
 Kampung yang cukup menarik dan memiliki rumah adat yg memiliki keunikan yg luar biasa dimana semua yg tinggal dirumah tersebut hidup rukun. (Sc: google.com)",Desa Wisata Siosar,,,,,,,,WISATAWAN MANCANEGARA =700.000 - >1.500.000,,,,,,,
4,Samosir,"Marianna Resort (Kawasan Tuktuk Siadong, Kec. Simanindo, Kab. Samosir, 22395 (0625-8000-999)",,"Rating 9,7/10
 
 staf yang luar biasa dirawat di rumah sakit, yang paling ramah dari semuanya dan sangat nyaman untuk hotel yang sangat bagus. terutama untuk resepsionisnya.. kerja bagus dan pertahankan (Sc: traveloka.com)","Sharon Home Samosir (Saitnihuta, Kec Pangururan, Kab Samosir,22392(0852-0705-2636)",200k-400k,"Rating 5/5
 
 Seru menginap disini bersama keluarga,tempat nya ok...bisa mancing di dekat penginapan karna dekat dengan danau. (Sc: google.com)","Sekapur Sirih Restaurant (Kawasan Tuktuk, Kec Simanindo, Kab Samosir, 22392 (0821-6230-0099)",35000-250000,"Rating 5/5
 
 Tempat makan seafood sangat enak mantap pol aah yang ada di samosir. Semua makanannya sangat juicy. Ikan nila bakar bumbunya meresap, ikan sangat lembut, dan tidak bau tanah. Lobster rasanya OK, asinnya pas dan butternya sangat terasa. Restoran ini terkenal sebagai restoran andalan pejabat, pak jokowow dan teman2 penjabat sudah sering pesan dari resto ini. Pelayanan juga mantap, Bapak & Ibu pemilik sangat ramah, seperti berada di rumah sendiri. Excellent experience 100/10.(Sc: google.com)","Elios Restaurant (Kawasan Tuktuk Siadong,Simanindo, Kab Samosir)22395 (0813-6206-6124)",25000-50000,"Rating 5/5
 
 Saya pesan “ayam napinandar” dengan rasa-rasa andalimannya yang khas sangat terasa mantap, kalau untuk saya, saya sangat suka menu-nya, dan nasi nya tipe nasi terburai. Kebetulan ownernya langsung (kalau saya lihat dari foto-foto yang dipajangnya sih), yang masak dan menangani, masakannya enak, salam untuk tante dan anaknya sukses. God bless. (Sc: google.com)","Tepi Coffee (Jln Danau Toba, Kec Pangururan, Kab Samosir), 22392 (0813-7741-0262)",,"Rating 5/5
 
 Tempatnya tepat di tepi Danau Toba, tepatnya di Waterfront Pangururan.
 
 Pelayanannya ramah, minumannya juga enak. Pemandangannya sangat bagus. (Sc: google.com)","Roy""S PUB (Kawasan Tuktuk Siadong, Simanindo, Kab Samosir),22395 (0812-6510-2916)",,"Marysca Souvenir (Kawasan Tuktuk Siadong, Simanindo, Kab Samosir),22395 (0852-6205-0368)","Rating 5/5
 
 Tempat belanja souvenir yg mewakili Di Tuk tuk. (Sc: google.com)","Kapal Ihan Batak
 Pelabuhan, Kec. Onan Runggu, Kabupaten Samosir, Sumatera Utara 22394",,"Tomok-Ajibata
 Setiap hari
 Tomok_06.00-19.00
 Ajibata_07.25-20.30","15.000/Orang
 15.000/ Kendaraan",,,"Sampri
 Ps. Pangururan, Kec. Pangururan, Kabupaten Samosir, Sumatera Utara 22392",90.000-110.000,Samosir Taxi,RSUD Hadrianus Sinaga Pangururan,Gereja Inkulturatif Katolik Pangururan Samosir,Bank Mandiri,SPBU Pangururan,Indomaret Tomok,Apotik Carlos Pangururan,,Pasar Pangururan,Pelabuhan Ambarita,"Gedung Willem, Jln raya simanindo, Kab Samosir",Samosir Music International,Jembatan Tano Ponggol,"Rating 5/5
 
 Jembatan yang menghubungkan pulau samosir dengan pulau sumatera.
 pemandanganya bagus banget dari atas jembatan.
 Mari bersama kita menjaga jembatan ini agar tetap terawat dengan tidak mencorer coret tembok di jembatanya. (Sc: google)",Gratis,Bukit Sibea-Bea,"Rating 5/5
 Bukit dengan patung tuhan yesus yg besar dan indah. Membawa berkah untuk semua. Keren sih Pemdanya. (Sc: google.com)",,Museum Hutabolon Simanindo,,"Rating 4/5
 Kali kedua ketempat ini, selain wisata tentang huta (kampung) dan rumah adat batak, ternyata sudah dibuka area wisata rumah kuno pemilik area wisata ini, tempatnya kalau kata anak-anak sekarang instagramable, banyak barang-barang antik dan kuno disusun di dalam rumah itu. Segar rasanya setelah naik sepeda dari pangururan ke tempat ini beristrahat sambil melihat-lihat yang unik-unik. (Sc: google.com)",Lokasi Huta Bolon,"Rating 4/5
 Harga tiket Rp 5000. Kami harus melepas sepatu kami sebelum masuk. Ada peralatan / senjata / instrumen musik yang ditampilkan.
 Sebuah toko suvenir berada di samping museum.
 Ada pohon Pamelo di luar museum. Ketika kami pergi ke sana, kami melihatnya berbuah. (Sc: tripadvisor.co.id)",Desa Wisata Huta Tinggi,,,,"1,506,208",0,,"Indonesia, Inggris, Batak Toba",WISATAWAN NUSANTARA = 400.000 - >800.000,"April-Oktober, Desember-Januari",Agustus-Oktober (Kering),November-Maret (Angin kencang),,,,
4,Samosir,"Samosir Cottage(Kawasan Tuktuk Siadong, Kab. Samosir, 22395 (0821-6459-1448)",,"Rating 8,5/10
 
 Liburan yang menyenangkan di hotel ini, pemandangan indah, makanannya enak, live music-nya juga bagus banget, semoga liburan selanjutnya tambah bagus lagi. (Sc: traveloka.com)","D'FLO Homestay (Jln raya Simanindo, Kec Pangururan, Kab Samosir,22393(0813-8240-9044)",200k-400k,"Rating 4/5
 
 Kamar bersih, ga terlalu besar tp cukup nyaman buat berdua.
 Disini saya ambil kamar dengan fasilitas AC, Kamar mandi dengan water heater, tv
 Dengan harga yg relatif terjangkau untuk daerah destinasi wisata dan di weekend.
 Dihalaman belakang, ada tempat golf mini.
 Tempat asri, pemandangan juga bagus.(Sc: google.com)","RM Khas Minang Ridho (Jln Raya Simanindo, Parbaba, Kecamatan Pangururan, Kab Samosir, 22393 (0813-7008-9219)",20000-50000,"Rating 4/5
 
 Alhamdulillah, tidak ragu makan disini.., rekomended untuk traveler muslim yang berkunjung ke Pangururan-Samosir (Sc: google.com)","BPK Orang'Ta (Jln Raya Simanindo, Simanindo, Kab Samosir)22395 (0878-2517-8909)",35000-150000,"Rating 5/5
 
 BPK panggang nya amat sangat enak sekali. Daun ubi tumbuk nya dan sambal nya rasanya pengen tambah trus. Mantap sekali. Harganya pun murah meriah. (Sc: google.com)","Warung Kopi Synergy (Desa Pardomuan I, Kec Pangururan,Kab Samosir), 22392 (0853-7253-7333)",,"Rating 4/5
 
 The first coffee roastery in Samosir.
 Meskipun tempatnya agak sedikit ke dalam, tapi tempat parkirnya luas kok
 Mejanya juga banyak, jadi gausah khawatir sih kalau gak akan kebagian tempat duduk.
 oia, sempet nyobain✨mix platter✨ porsinya banyak tapi sayangnya gada mayonnaise :')
 but, overall sudah MANTUL. (Sc: google.com)",,,"Tenun Ulos (Lumban Suhi, Pangururan, Kab Samosir), 22392 (0851-2222-34447)",,"Kapal Pora Pora
 pelabuhan AMBARITA, Kabupaten Samosir, Sumatera Utara","20.000-300.000
 sesuai dengan Golongan Kendaraan yang masuk","Simanindo - Tigaras
 Simanindo_06.45-17.45
 Tigaras_07.15-18.15",,,,"Parisma
 Ps. Pangururan, Kec. Pangururan, Kabupaten Samosir, Sumatera Utara 22392",90.000-110.000,Damri Pangururan,Puskesmas Buhit,Gereja HKBP Bolon Pangururan Samosir,Bank BRI,SPBU Ambarita,Indomaret Simanindo,Apotik Nasional Pangururan,,Pasar Simanindo,Pelabuhan Tomok,,Lomba Sanggar,Batuhoda Beach,"Rating 5/5
 
 Tiket masuk 20rb/orang. Tidak ada biaya parkir. Gazebo/pondok/lesehan apapun itu bebas pakai selagi kosong. Toilet gratis. Tiket masuknya ditukar jadi air mineral. Tempatnya luas dan bersih. Penjaganya gercep bersihin. Tempat sampah tersedia.(Sc: google.com)","20,000",Danau Sidihoni,"Rating 4/5
 Danau Sidihoni terletak di kecamatan Ronggur Ni Huta pulau Samosir, sekitar 8 km dari Pangururan. Danau ini dikelilingi oleh bukit landai berwarna hijau sehingga menambah keindahan dan keasrian. Danau ini dikatakan danau di atas danau Toba, airnya sering berubah warna.Bentuk danau seperti mangkok. Panoramanya sangat indah dan pemandangan di sekitar danau bisa dipantulkan oleh air danau. Tempat ini cocok untuk refreshing dengan udara yang segar. Wisatawan dapat menikmati keindahan sunset yang begitu memukau. (Sc: google.com)",,Museum Gereja Inkulturatif Katolik Pangururan,,"Rating 5/5
 Gereja Katolik tempat beribadah dan berdoa umat Katolik di Pangururan. Desain gereja menunjukkan etnik budaya batak menyerupai rumah adat Batak. Sangat bagus dan berkharisma. Mantap. Terimakasih kepada Pastor misionaris kami. (Sc: google.com)",Sarkofagus Op Soribuntu Sidabutar,,Desa Wisata Hariara Pohan,,,,,,,,WISATAWAN MANCANEGARA = 600.000 - >1.200.000,,,,,,,
4,Samosir,"Tabo Cottages (Kawasan Tuktuk Siadong, Simanindo, Kab. Samosir, 22395(0812-6042-9452)",,"Rating 5/5
 
 Very relaxed place!
 Had a very nice stay! Room with beautiful lake view, lovely restaurant, friendly staff. Really very relaxed and in terms of temperature a bit cooler than eg Medan. Had a nice transfer back to Medan arranged by Toba Cottages. (Sc: www.tripadvisor.com)","Topi Tao Homestay (Jln Putri lopian, Kec Pangururan, Kab Samosir, 22392 (0812-6057-7741)",200k-400k,"Rating 5/5
 
 Harga standard, pinggir danau toba, bersih, foto yerlampir dari sebelah penginapan (Sc: google.com)","RM Minang Muslim (Jln Raya Siamnindo,Parbaba,Kec Pangururan, Kab Samosir, 22393 (0823-6161-6919",20000-40000,"Rating 5/5
 
 Pilihan yang sangat oke untuk wisatawan, terutama bagi yg ingin mencari makanan halal di Samosir. Menu rumahan yg enak (Sc: google.com)","RM Gulasa (Onan Baru, Kec Pangururan, Kab Samosir),22392 (0813-7555-7619)",25000-50000,"Rating 5/5
 
 Harga ok per porsi nasi dan lauk IDR 35,000 termasuk nasi, lauk, sop babi, daun ubi tumbuk dan pisang. Menu makanan batak cukup lengkap, rasa enak tapi kurang pedas. Overall cukup ok. (Sc: google.com)",,,,,,,,"Kapal Kaldera Toba
 Pelabuhan, Kec. Onan Runggu, Kabupaten Samosir, Sumatera Utara 22396","20.000-300.000
 sesuai dengan Golongan Kendaraan yang masuk","Nainggolan- Bakkara- Muara
 Nainggolan (Rabu)_08.15
 Bakara (Rabu)_16.00 situasional
 
 Nainggolan (Kamis)_10.00
 Muara (Kamis)_16.00","15.000/Orang
 15.000/ Kendaraan",,,"Raja Napogos
 JM5W+HJ Ps. Pangururan, Kec. Pangururan, Kabupaten Samosir, Sumatera Utara 22392",90-000-110.000,"RGS Travel
 Pintu Sona, Kec. Pangururan, Kabupaten Samosir, Sumatera Utara 22392
 
 HP. 081377239677",Puskesmas Simarmata,Masjid Raya Al Hasanah Pangururan Samosir,Bank BNI,Pertamini Simanindo,Indomaret Pangururan,Apotik Parsitabu Pangururan,,Pasar Palipi,Pelabuhan Simanindo,,Gondang Naposo,Kawasan Waterfront City Pangururan,"Rating 5/5
 
 Pemandangannya bagusss. Ada cafe estetik dkt sini. Ada tmpt main anak-anak.
 Utk jadwal air mancur menari jumat, sabtu, minggu di 2 sesi. Tp kalo longweekend bisa di tambah sesinya. HTM utk air mancur 20k per orang.(Sc: google.com)","15,000",Aek Natonang,"Rating 4/5
 Sering disebut Danau diatas danau, salah satu tempat terbaik untuk healing bisa camping juga, sudah mulai ditata dengan lebih baik, semoga semakin cantik dan dikelola lebih baik lagi sehingga menjadi salah satu destinasi utama di pulau samosir… (Sc: google.com)",,Museum Tomok,,"Rating 5/5
 Museum batak yang wajib dikunjungi jika berkunjung ke samosir, sebelum sampai kesini kita harus melewati pasar dahulu. Didalam museum kita dapat melihat benda2 kuno bersejarah khas adat batak samosir. Biaya masuk ke dalam Gratis, hanya perlu memberikan sumbangan sukarela untuk maintenance lokasi. (Sc: google.com)",Sarkofagus Huta Simarmata,,Desa Wisata Partungko Naginjang,"Rating 5/5
 Desa Wisata di Kecamatan Harian, Kabupaten Samosir. Desa yang berada di ketinggian sekitar 1750 mdpl. Berjarak lebih kurang 30 km atau sekitar 1 jam perjalanan dengan kendaraan dari lokasi Warung Kopi Synergy, Pangururan. Tempat ini menawarkan nuansa alam segar dikelilingi pepohonan pinus dan view Danau Toba yang sangat indah. Suhu menurun hingga 16°C pada malam hari dan menjelang subuh. Disarankan untuk membawa perlengkapan yang memadai apabila memutuskan untuk menginap/camping disini. Bisa juga menghubungi pengelola tempat ini untuk memastikan kebutuhanmu. Tersedia toilet di pintu masuk dan area camping. Juga beberapa pendopo dan tempat duduk untuk menikmati pemandangan. Pengelola juga memiliki fasilitas ATV yang disewakan untuk mengelilingi areal ini.
 Nikmatnya ngopi, bersenandung diiringi alunan gitar, menghirup udara segar dan indahnya Danau Toba. (Sc: google.com)",,,,,,,,,,,,,,
5,Pakpak Bharat,"Waris Hotel (Jalan Mpu Bada, Kota Salak)",,"Rating 4/5
 Hotel yang paling bagus di salak..
 bangunan bertingkat, kamar sangat minimalis. tersedia juga ruang pertemuan yang cukup lebar.
 Tersedia juga hotel waris II di dusun persabahan arah menuju kecupak kecamatan Pergetteng-getteng sengkut. kamarnya lebih bagus, hanya saja lokasi yang sedikit jauh dari keramaian kota salak. (Sc: google.com)",Penginapan CU.Persada Perempuan (Desa Traju Simpang Jambu),200k-400k,,Rumah Makan Garuda (Sibande STT Jahe),20000-35000,,,,,,,,,,,,,,,,,,"Datra
 Jl. Sulang Silima No.56, Kota Sidikalang, Kec. Sidikalang, Kabupaten Dairi, Sumatera Utara 22219",65.000-75.000,,Rumah Sakit Salak,Masjid Raya Salak,BRI Salak,,,,,Pasar Sukaramai,,,Pesta Budaya Oang-Oang,Rafting Lae Kombih,,"5,000",Puncak Sindika,,,,,,Mejan Penanggaleng,"Rating 5/5
 Mejan marga Boangmanalu adalah artefak atau patung peninggalan bersejarah dari leluhur marga Boangmanalu, yaitu salah satu marga etnis Batak Pakpak Dairi. Lokasi mejan ini berada di Desa Boangmanalu, Kecamatan Salak, Kabupaten Pakpak Bharat, tepatnya di pinggir jalan utama menuju Kota Salak.. (Sc: google.com)",Desa Wisata Jangga Dolok,,Sibodiala,,"116,321",0,,"Indonesia, Batak Pakpak, Inggris",WISATAWAN NUSANTARA = 300.000 - >600.000,Juli-September,Mei-September,Desember-Februari (Hujan ekstrem),,,,
5,Pakpak Bharat,"Hotel Impana (Jalan Kecupak II, Kecamatan Pergetteng-getteng Sengku)",,,D'Marriat Homestay (Salak),200k-400k,"Rating 5/5
 
 Penginapan yang nyaman, bersih dan utamanya lokasi sangat strategis. Bisa masak lagi di dapur umumnya. (Sc:google.com)",Kedai Coffee Jack Kecupak (Salak Pakpak Bharat),20000-50000,,,,,,,,,,,,,,,,,,"Himpak
 Jl. Banurea, Boangmanalu Salak, Salak, Pakpak Bharat Regency, North Sumatra",70.000-80.000,,,Masjid Al Iman Binanga Boang,Bank Sumut Sumut,,,,,Pasar Klohi,,,Festival Kopi,Sicike-cike,"Rating 4/5
 
 Objek destinasi wisata alam yang bagus
 Buat teman teman yang mau kesini. Hati hati diperjalanan yaa, jaga sikap dan jugaa pada saat jembatan kayu, kondisini jalan kayu nya pada saat menuju danau 1 sudah lumayan lapuk, licin juga, sehingga mudah patah. Kebetulan saya sendiri jugaa mengalaminyaa kemarin 😂. stay safety yaa 😁🙏.(Sc: google.com)","7,500",,,,,,,,,Desa Wisata Meat,"Rating 4/5
 Cantik pemandangan di sini,lagi proses pembangunan jalan,semoga penduduk bisa menjaga kebersihan sampah di sana. (Sc: google.com)",,,,,,,WISATAWAN MANCANEGARA= 500.000 - > 1000.000,,,,,,,
5,Pakpak Bharat,"Hotel LoLona 2 (Jalan Raja David Boangmanalu, Kecamatan Salak, 0852-9734-3323)",,"Rating 5/5
 
 Hotelnya bagus, dan fasilitas lengkap (Sc: google.com)",,200k-400k,,"Rumah Makan Muslim Madu Ntedoh (Jalan Napasengkut no.12, Salak)",20000-40000,,,,,,,,,,,,,,,,,,,,,,GKPPD Salak,BPR NBP Salak,,,,,,,,Panggung Kesenian Mbilului,Air Terjun Sipitu Lae Petulan,"Rating 5/5
 
 Bagus. Hanya saja akses turun ke bawah harus jalan hati2 karna ada jalan yg terkena longsor(Sc: google.com)","5,000",,,,,,,,,,,,,,,,,,,,,,,,
6,Pakpak Bharat,"Hotel Hineni ( Jl. Raja Johannes No.7A, Partali Toruan, Hutatoruan X, Kec. Tarutung, 22411(081262082552))",,"Rating 4/5
 
 Saya menginap di bungalow dimana terdapat 3 kamar didalamnya. lokasinya berada di tepi jalan, namun di bagian belakang menampilkan view yang indah karena dapat memandang bukit hijau dan persawahan yang luas. Areal parkir luas, Meskipun tanpa AC, namun udara di sekitarnya sudah cukup dingin. Breakfast tersedia berupa nasi dan mie goreng, serta roti dan bubur kacang ijo. Ini sudah cukup mengenyangkan untuk mengisi perut ditengah udara yang dingin. (Sc: tripadvisor.co.id)","Piltik Homestay ( Jl. Sadar, Lobu Siregar I, Kec. Siborongborong, Kabupaten Tapanuli Utara, Sumatera Utara 22474 (08116061233))",200k-400k,"Rating 9,7/10
 
 Ini kedua kalinya menginap di sini, dan selalu mendapatkan pengalaman yang luar biasa. Teruskan kerja baik Anda untuk seluruh Tim Piltik. (Sc: traveloka.com)","RM Citra Minang AYU (Jl. Sm Raja, Hutatoruan IX, Kec. Tarutung(082164684540))",20000-35000,"Rating 5/5
 
 Rm Citra Minang ayu rumah makan yang sangat enak khas Minang, harga terjangkau."" (Sc: google.com)",RM gemar( jl.sisingamangaraja tarutung(0812 6314 8000)),25000-50000,"Rating 5/5
 
 Pesanannya non halal..
 Rasanya enak..
 Nikmati selagi hangat..
 Pas di kota dingin tarutung.
 Porsinya pas.
 Habis makan bs lsg ngopi diseberangnya.
 Cocok buat melengkapi perjalanan selanjutnya. (Sc: google.com)","Angkasa cafe ( Jl. Mayjend. J. Samosir No.1, Hutatoruan X, Kec. Tarutung, Kabupaten Tapanuli Utara, Sumatera Utara 22411(0821 6123 1000))",,"Rating 5/5
 
 Restoran dengan konsep friendly and family resto, menyajikan menu nusantara dan juga beberapa western food, serta ada bar and lounge nya juga, menyediakan bebarapa jenis minuman beralkohol dan juga hot brew coffee bagi pecinta kopi. Tersedia juga 3 karaoke room, yang dapat digunakan pengunjung untuk berkaraoke ria. Bila malam, akan ada live music juga.(Sc: google.com)",,,"Dame Ulos Tarutung (SaiTnihuta, Banjarnahor, Hutatoruan V, Kec. Tarutung( 085297769912))","Rating 4/5
 
 Lokasinya agak masuk ke dalam, namun selalu ada plang jalannya. Samping kiri kanan ada sawah. Pelayanannya luar biasa, tempatnya sangat cozy, ketika disana disuguhi minum dan buah-buhan, untuk ulosnya jika kurang rapi bisa langsung dirapikan. Namun harganya agak mahal.(Sc: google.com)",KMP Kaldera Toba,,"Muara-Nainggolan
 Situasional Pasar (Kamis)
 
 Nainggolan_08.15
 Muara_16.00","15.000/Orang
 15.000/ Kendaraan",,,"KBT
 Jl. Sisingamangaraja No.105, Hutatoruan X, Kec. Tarutung, Kabupaten Tapanuli Utara, Sumatera Utara 22412
 
 Hp. 081374608370",110.000-120.000,"Andaliman rental mobil
 Gg. Horas, Hutatoruan I, Kec. Tarutung, Kabupaten Tapanuli Utara, Sumatera Utara 22411",Rumah Sakit Umum Tarutung,HKBP Pearaja,Bank BRI Tarutung,SPBU Tarutung,Indomaret Air Panas Sipoholon,Apotek Gloria,,Pasar Tarutung,Pelabuhan Muara,,Festival Ulos & Fashion,Salib Kasih Tarutung,"Rating 4/5
 
 Lokasinya pun dilengkapi dengan fasilitas kamar mandi dan mushollah sehingga tidak mengalami kesulitan bagi umat Islam untuk melaksanakan ibadah sembahyang. Di lokasi ini juga dilengkapi sarana permainan seperti APV, banana boat dan naik perahu dengan harga yang masih ekonomis.(Sc: tripadvisor.co.id)","6,000",Hutaginjang,"Rating 5/5
 Daerahnya sangat dingin dan angin kencang usahakan pake jaket, banyak warung dan uang masuk Rp. 6.000,-/orang dan Rp. 10.000,-/kendaraan roda 4, pemandangan sangat indah dan ada juga juru foto ramah yang menawarkan pengunjung untuk berfoto. (Sc: google.com)",,,,,,,Desa Sibandang,,Pacuan Kuda Siborongborong,,"751,225",1.665 (2015),,"Indonesia, Batak Toba, Inggris",WISATAWAN NUSANTARA = 350.000 - >750.000,Juli-September,Maret-Oktober,November-Februari (Banjir risk),,,,
6,Tapanuli Utara,"Sopo Nomensen (Hutatoruan V, Kec. Tarutung, Kabupaten Tapanuli Utara, Sumatera Utara 22411 (082163335808))",,"Rating 5/5
 
 Hotel nya bagus,nyaman dan aman pegawai nya juga ramah tamah. (Sc: google.com)","Graha Kartini Homestay (Hutatoruan IV, Kec. Tarutung, Kabupaten Tapanuli Utara, Sumatera Utara(081191 1924))",200k-400k,"Rating 5/5
 
 Nyaman...
 Istrahat yg cukup tenang, sebelum melanjutkan perjalanan (Sc:google.com)","Ayam Kejar (Jl. Lintas Barat Sumatera No.148, Hutatoruan VI, Kec. Tarutung)",25000-50000,"Rating 5/5
 
 Salah satu tempat makan ""Halal"" Di tarutung. Rasa enak dan harga sesuai. Nasgor nya juara 🏆 (Sc: google.com)","Gaol Catering (Simanungkalit, Kec. Sipoholon, Kabupaten Tapanuli Utara, Sumatera Utara 22452(0813-7531-8299))",25000-50000,"Rating 5/5
 
 Tempat luas, masakan batak dengan aneka menu daging babi..
 Babi panggang dan saksang enak.. Masakan babi goreng, bagian kulitnya keras.(Sc: google.com)",Binneka cafe & resto ( jl.balige-tarutung -sipoholon ),,"Rating 5/5
 
 Kami mampir untuk minum kopi dan teh saat hujan, sekitar jam 3 sore. Suasananya cocok untuk anak muda. Pengalaman pribadi, teh yang saya pesan datang paling belakang padahal saya memesan terlebih dahulu di bandingkan rombongan saya. (Sc: google.com)",,,"ILLE Shop Silangi (Jalan Simpang Jl. Bandara Silangit, Parik Sabungan, Kec. Muara( 082168284768))","Rating 5/5
 
 Kalau berkunjung ke Silangit, jangan lupa mampir ke Ille Shop ya. Disini ada macam-macam oleh-oleh khas Silangit yang bisa dibeli. Mulai dari gantungan kunci, kopi, teh, kripik hingga bolu meranti.
 
 Secara harga normal, tempatnya rapih dan bersih. (Sc: google.com)","KM Muara Putih
  Jl. Singa, Unte Mungkur, Kabupaten Tapanuli Utara, Sumatera Utara 22476",35.000-200.000,"Muara-Sibandang
 Setiap Jam",10.000/orang,,,"KPT
 Hutatoruan VI, Kec. Tarutung, Kabupaten Tapanuli Utara, Sumatera Utara 22411
 
 Hp. 081375688882",120.000-130.000,Doli Motor Workshop & Rental Tarutung,Rumah Sakit Sint Lucia Siborong-borong,GKPI Kota Tarutung,Bank BNI tarutung,SPBU Sipoholon,Alfamidi Ferdinand L.Tobing Tarutung,Apotek Anugerah Farma,,Pasar Siborong-borong,,,,Air Panas Sipoholon,"Rating 5/5
 
 Secara umum udaranya sangat dingin tapi dilokasi air panas hangat & punya sensasi yang luar biasa, semua lokasi selalu ada spot menarik buat foto. Yang paling menarik ada lubang udara dari kulit bumi yang selalu aktif. Jangan lupa cobain telur asinnya kalo kesini😊. Lokasinya bersih, HTM terjangkau, semoga tetap dipertahankan tdk ada pungli kaya tempat lain.(Sc: google.com)","5,000",Air Terjun Sampuran,"Rating 5/5
 Air terjun terbaik di Balige, super offroad selama 20 menit, dan jalur super untuk hiking selama 40 menit dari parkir sepeda motor di lapangan. Hati-hati, berbahaya jika berkunjung sendirian. Menikmati! (Sc: google.com)",,,,,,,Desa Papande,,Arung jeram situmandi Tarutung,,,,,,WISATAWAN MANCANEGARA = 600.000 - >1000.000,,,,,,,
6,Tapanuli Utara,"Hotel Safari ( Jl. Ferdinan Lumbantobing, Hutatoruan VI, Kec. Tarutung, Kabupaten Tapanuli Utara, Sumatera Utara 22411(082162900341))",,"Rating 4/5
 
 ""Baik, untuk yang nginap ditarutung, sarapannya pisang goreng, kopi/teh"" (Sc: google.com)","Boli Boli Hot Spring ( Situmeang Habinsaran, Kec. Sipoholon, Kabupaten Tapanuli Utara, Sumatera Utara 22452(081389025234))","Boli Boli Hot Spring ( Situmeang Habinsaran, Kec. Sipoholon, Kabupaten Tapanuli Utara, Sumatera Utara 22452(081389025234))","Rating 5/5
 
 Hotelnya sih tidak berbintang,tapi pemandangan bintang 5.air belerang di sini berbeda dengan yg di brastagi (sidebu debu)disini tidak menbuat badan bauk belerang dan pakaian pun aman. (Sc: google.com)","Rumah Makan Islam Garuda (Jalan D.I.Panjaitan, Kelurahan No.19, Hutatoruan X, Kec. Tarutung((0633) 7320177))",25000-50000,"Rating 4/5
 
 Rumah makan cocok untuk semua orang, dengan jenis masakan padang. Tempat cukup untuk orang banyak, pelayanan cukup cepat. Ada menu lain nasi goreng bila ingin mencoba masakan lain selain masakan padang. (Sc: google.com)","RM laposona( jl.raja johanes, hutabarat(samping tugu hutabarat(0813 7004 1071))",25000-50000,"Rating 5/5
 
  Setiap kunjungan ke kota Tarutung pasti singgah makan siang kesini. Makanan non halal dengan macam variasi. Dali Horbo, Panggang, Saksang dan tanggo. Panggang nya paling nikmat.(Sc: google.com)","Piltik Coffee Siborongborong (Jl. Sadar, Lobu Siregar I, Kec. Siborongborong, Kabupaten Tapanuli Utara)",,"Rating 5/5
 
 Interior cafe yg estetik, bersih dan nyaman. Makanan, minuman, dan snack seperti cake yang enak dengan rasa yang premium. Ada indoor dan outdoor, banyak ornamen yang estetik. Terdapat pula art space yang bisa dikunjungi. (Sc: google.com)",,,"Basado Silangit (Silando, Kec. Muara, Kabupaten Tapanuli Utara(081355550938))","Rating 5/5
 
 Toko oleh-oleh yang cukup lengkap. Bika Ambon, bolu meranti tersedia dengan stok terbatas. Cukup dekat dengan bandara Silangit. Jika masih ada waktu belanja oleh-oleh, boleh dicoba untuk belanja disini.
 
 Jika waktu nya terbatas bisa beli oleh-oleh di bandara. Lokasinya dekat dengan tugu Ikan Duyung.(Sc: google.com)",,,,,,,"Tiomas
 Jl. Diponegoro No.2, Hutatoruan VI, Kec. Tarutung, Kabupaten Tapanuli Utara, Sumatera Utara 22411",120.000-150.000,Aneka rent car,Puskesmas Sipoholon,Masjid Taqwa Siborong-borong,Bank Mandiri Tarutung,SPBU Siborong-borong,Indomaret D.I. Panjaitan Tarutung,Toko Obat Kembar,,Pasar Pangaribuan,,,,Air Soda Tarutung,"Rating 5/5
 
 Lokasinya pun dilengkapi dengan fasilitas kamar Lokasinya cukup mudah dijangkau dan tersedia parkiran juga , nah disini terdapat warung juga untuk yang menunggu atau jika sudah lelah berendam bisa menikmati makanan atau minuman, harganya masih masuk dikantong kok dan kalau tidak salah untuk ke kolamnya hanya dikenakan biaya 5rb loh 😍 udah gitu kakak-kakaknya dan bapaknya ramah juga. Nah yang perlu diperhatikan adalah kamar bilasnya atau WC , jadi disana ada yang gratis yang dikelola pemilik warungnya dan kolam, ada juga yang bayar, jadi ada yang kalau kita masuk pas keluar sudah ditungguin orang (kemarin sih anak kecil) yang meminta bayaran gitu. Lebih baik sih bertanya dulu sama kakaknya yang diwarung. Daripada kita jauh2 ke Venezuela, kita kesini saja mencoba merasakan kolam soda yang beneran saat berendam , badan langsung ditempeli banyak gelembung seperti gelembung soda. 🤭
 Gaskeuuuun bagi yang penasaran.(Sc: google.com)","10,000",Air Panas Panabungan,"Rating 5/5
 Jalan nya cukup menantang, cocok untuk para petualang alam (Sc: google.com)",,,,,,,,,Paralayang hutaginjang,,,,,,,,,,,,,
7,Dairi,"The Sasta Hotel (Jl. Sisingamangaraja No.80, Batang Beruh, Kec. Sidikalang, Kabupaten Dairi, Sumatera Utara 22218, 0812-6594-2044)",,"Rating 8,5/10
 
 Semua nya baik. Hotel yang bagus untuk kota kecil sidikalang ini paling bagus. (Sc: traveloka.com)","Parnamuran Desa Silalahi II Kecamatan Silahisabungan Kabupaten Dairi, 085270349432",200k-400k,,"RM. Rico Khas Minang (Jl. SM. Raja No. 20 Sidikalang, Kab. Dairi)",25000-50000,"Rating 5/5
 
 Sidikalang susah mencari makanan halal, menurut saya hanya ini yg terbaik, berada di depan masjid dairi dan saya sendiri menilai masakan yg mereka sajikan cocok buat lidah saya orang Padangsidimpuan, enak (Sc: google.com)",Rumah Makan Eropa (Jl. SM. Raja No. 273 Sidikalang Kab. Dairi),25000-50000,"Rating 4/5
 
  Eropa Chinese Food adalah salah satu dari beberapa restauran makanan khas Cina di Sidikalang. Restauran ini sudah lama berdiri dan menjadi salah satu pilihan jika ingin mencicipi masakan Cina yang enak. Pilihan menunya banyak, mulai dari babi kecap hingga cap cay. Letaknya strategis di dekat persimpangan jalan dan dekat dengan ATM Mandiri.(Sc: google.com)",MR Cafe & Resto (Jl. A.Yani No 154 Sidikalang Kab. Dairi),,"Rating 5/5
 
 Untuk makanan dsini semua enak dan Tempat nya juga cozy.. overall semuanya oke.. 🥰🥰🥰 (Sc: google.com)","Deyas Bar (Jl. Sidikalang - Medan, Sitinjo II, Kec. Sitinjo, Kabupaten Dairi",,PODA Cafe And Chocolate (Jl. SM. Raja Sidikalang Kab. Dairi),"Rating 5/5
 
 Saya rasa ini salah satu tempat nongkrong ala cafe yang cukup besar di Sidikalang. Menu khas nya kopi & coklat.
 Pengalaman saat kesini, mesin espresso nya sedang rusak. Untuk sop iga, potongan tulangnya tidak rata, jadi suka ada potongan tulang di dagingnya. Buat yang mau ngemil ada juga roti pisang yang lumayan enak rasanya. Kalo untuk tempatnya oke banget, cocok buat kumpul.(Sc: google.com)","KMP Jurung-Jurung (Desa Paropo, Silalhisabungan Kab. Dairi)",30-000-120.000,,,,,"PAS Transport (Medan - Sidikalang - Medan) 
 Jl. Sisingamangaraja No.310, Kota Sidikalang, Kec. Sidikalang, Kabupaten Dairi, Sumatera Utara 22211
 
 Hp. 082220828645",65.000-75.000,"RENTAL/SEWA MOBIL SIDIKALANG (PERDANA TRANS) (Jl. Empat Lima No.51, Batang Beruh, Kec. Sidikalang, Kabupaten Dairi, 081361016885)",Rumah Sakit Umum Sidikalang,"Gereja HKBP I Sidikalang (Kota Sidikalang, Kec. Sidikalang, Kabupaten Dairi)",Bank BRI Sidikalang,SPBU Sidikalang,Indomaret Simpang Salak,Apotek French Farma,,Pasar Sumbul,,Gedung Nasional Djauli Manik,Pesta Budaya Njuah-njuah,Taman Wisata Iman,"Rating 5/5
 
 Tempat wisata yang sangat indah. Ada berbagai rumah Ibadah dalam komplek Taman Wisata Iman, cocok sebagai tempat wisata religi. Saya mengunjungi Vihara saddhavana. Aura vihara hutan sangat kental. Cuaca selalu sejuk, malemnya sangat sejuk. Termasuk tempat paling sejuk di Sumatera utara. (Sc: google.com)","10,000",Air Terjun Lae Pandaroh,"Rating 5/5
 Tempatnya pas di tikungan dan jembatan ada tempat parkir yg cukup juga disiapkan spot photo dari dua sisi airnya jernih dan segar suara gemuruhnya membuat kita bersemangat yg pasti sangat rekomenlah jika ingin ke sidikalang jangan lupa mampir dan hilangkankan kejenuhanmu ditempat ini setelah lelah diperjalanan jika mau minum juga ada tempat minum yang sederhana. (Sc: google.com)",,Tugu Sidabariba,,,,,Desa WIsata Bangun I,,Atraksi Solu Bolon di Desa Silalahi III,,"719,807",0 (2021),,"Indonesia, Batak Dairi, Inggris",WISATAWAN NUSANTARA = 400.000 - >750.000,April - September,April-September (Kering),Oktober-Maret,,,,
7,Dairi,"Hotel Debang Resort SIlalang (Jl. Silahi Sabungan, Silalahi 3, Sabungan, Paropo, Kec. Silahsabungan, Kabupaten Dairi, Sumatera Utara 22281, 08116067661)",,"Rating 5/5
 
 Tempat penginapan kalo ke patung yesus di sibea bea vibes nya menghadap danau toba udara nya sejuk dingin ada kolam renang juga (Sc: google.com)","Homestay Pertaki Barung-Barung, Desa Wisata Bintang Hulu Kab. Dairi 081233527265",200k-400k,,"RM. Riston (Jl. Lintas Medan - Sidikalang No. 97 Sumbul, Kab. Dairi)",25000-50000,"Rating 5/5
 
 Jarang nemu restoran bersih di daerah sini, tapi resto ini bersih!(Sc: google.com)",Tubis Partukooan (Jl. Gereja Sidikalang Kab. Dairi),25000-50000,,Kedai Coffee Hot Plate Uwo 77 (Jl. A. Yani Sidikalang Kab. Dairi),,"Rating 5/5
 
 Cafe yang nyaman, pelayanan yang baik dan ramah, tentunya akan membuat hati menjadi enjoy, apalagi sambil menyantap makanan yang super lezat, kedai coffee plate Uwo 77 emng mantap. (Sc: google.com)","Lolona Pub (Hotel lolona, Sidiangkat, Kec. Sidikalang, Kabupaten Dairi",,"Toko Oleh oleh khas silalahi Danau Toba (Desa Silalahi 1.kec, Paropo, Kec. Silahsabungan, Kabupaten Dairi, 082298248264)","Rating 5/5
 
 Saya membeli Bawang goreng khas Silalahi sangat puas...bawang nya punya aroma dan kualitas tinggi...toko ini menjual oleh2 khas Silahisabungan.....
 Rekomendasi banget deh pokoknya...(Sc: google.com)",,,,,,,Bis Cepat Sepadan (P. Siantar - Sidikalang - P. Siantar),50.000-60.000,"RENTAL MOBIL TERBESAR SIDIKALANG (Kalsim, Jl. Sedap Malam Perumas No.52/C, Kec. Sidikalang, Kabupaten Dairi, 082164666411)","Batang Beruh, Kec. Sidikalang, Kabupaten Dairi","Gereja Katolik St. Maria Pertolongan Orang Kristen (Jl. Merga Silima No.1, Kota Sidikalang, Kec. Sidikalang, Kabupaten Dairi)",Bank Sumut Sidikalang,SPBU Simpang Tiga,Indomaret Sumbul,Apotek Nasional,,Pasar Sidikalang,,GOR Sidikalang,Festival,Tao Silalahi,"Rating 5/5
 
 Tugu makam pahlawan silahisabungan. Tugu ini tinggi, tempatnya berkeramik dan ada gambar-gambar di sekelilingnya. Ketika mau menuju tugu diharapkan melapaskan sepatu ataupun sandal di tangga. Banyak yang berkunjung kesini, baik yang sedang merayakan punguan marga sampai orang yang berkunjung untuk liburan. Lokasinya dekat dengan pinggiran danau toba yang membuat tempat ini indah sekali kalau dilihat sunrise ataupun sunset. Di sekitarnya ada juga rumah adat batak yang masih utuh dan terawat. Tempat ini cukup luas halaman dan parkirannya dan masih banyak pepohonan, rumput dan juga lahan pertanian milik warga. Bisa juga berenang tapi agak agak menjauh dari sekitaran tugu.(Sc: google.com)",Gratis,Air Terjun Siringo,"Rating 5/5
 Daya tarik Air Terjun Siringo membuat banyak orang yang penasaran dengan tempat wisata satu ini. Pengunjung bebas datang ke Air Terjun Siringo dengan biaya masuk untuk lokasi ini cuma 5k. Objek wisata ini dibuka mulai pukul 07.00 WIB sampai 16.00 WIB. Di bawah air terjun terdapat kolam yang bisa dipakai untuk berenang. Air yang sejuk dan jernih akan membuat siapa saja betah berenang dan bersantai di sini. Namun, karena berada di alam dan kedalaman kolam berbeda-beda, kita harus selalu berhati-hati saat berenang di sini. (Sc: google.com)",,,,,,,Desa Wisata Bintang Hulu,,Atraksi Mancing di Desa Silalasi III,,,,,,WISATAWAN MANCANEGARA = 700.000 - >1.300.000,,,,,,,
7,Dairi,Cheagia Resort Hotel (Kompleks Taman Wisata Iman Dairi),,"Rating 8,5/10
 
 Kami sekeluarga sangat menikamati menginap di resort ini, nyaman, bersih dan staff nya juga ramah. Apalagi lokasinya sangat tentram dan damai. Sukses terus untuk Cheagia resort. 🙏🏻. (Sc: traveloka.com)",,,,RM. Padang Raya (Jl. SM. Raja No. 65 Sidikalang Kab Dairi),25000-50000,"Rating 5/5
 
 Menu nya beragam, gulai nya sedap... harganya standard nikmatnya mantap. (Sc: google.com)",RM. Elekta (Jl. SM Raja No. 398 Sidikalang Kab. Dairi,25000-50000,"Rating 5/5
 
 Daging B2 Tanggo-tanggo dan saksang nya enak.. begitu juga sayur daun ubi tumbuknya nikmat... masakan khas batak toba nya terasa dan rasanya pas! (Sc: google.com)",PODA Cafe And Chocolate (Jl. SM. Raja Sidikalang Kab. Dairi),,"Rating 5/5
 
 Kopi Vietnamnya enak, bolennya mantap, suasana tempatnya sejuk, bersih, recomended buat ngopi2 cantik.(Sc: google.com)",,,,,,,,,,,"SAMPRI (Sidikalang, -Samosri - Sidikalang) 
 Jl. Sulang Silima No.56, Kota Sidikalang, Kec. Sidikalang, Kabupaten Dairi, Sumatera Utara 22219",35.000-40.000,"MARBUN 344 RENTAL MOBIL (DESA TUMPAK RAJA I, Batu Gungun, Kec. Gn. Sitember, Kabupaten Dairi, 081287999344)","Puskesmas Batang Beruh (Jl. Subulussalam - Sidikalang No.52, Batang Beruh, Kec. Sidikalang, Kabupaten Dairi)","Masjid Agung Sidikalang (Kota Sidikalang, Kec. Sidikalang, Kabupaten Dairi)",Bank Mandiri Sidikalang,SPBU Jl. Gereja,Indomaret Jl. SM. Raja,Apotek Husada,,Pasar Silalahi,,Gedung Serbaguna Balai Karina,Bazar UMKM,Tugu Makam Raja Silahisabungan,"Rating 5/5
 
 tugu atau makam leluhur marga Silalahi,
 pada dinding tugu terdapat lukisan pola peradaban bangsa Batak jaman dahulu.
 posisi tugu tepat di depan tao atau danau, dimana disebut tao Silalahi.
 disamping tugu terdapat rumah adat besar sebagai rumah adat marga Silalahi.
 
 kemanapun marga Silalahi pergi pasti akan ingat dengan tao Silalahi dan tugu Silalahi.(Sc: google.com)","12,000",Bukit Siattaratas,"Rating 5/5
  Bagus! HTM 5K/ org tanpa ngecamp ya. Benar-benar cocok sekali untuk pemula. Tetep bawa minum ya jangan lupa cemilan juga! Soalnya enak sekali makan cemilan sambil melihat pemandangan yang indah. Ngos-ngosan jg naeknya. Bayar tiket masuknya pas didepan kedai seberang pintu masuk bukitnya. (Sc: google.com)",,,,,,,Desa Wisata Silalahi I,,Camping Ground,,,,,,,,,,,,,
7,Humbang Hasundutan,"Coffee Hotel Ayola Doloksanggul (CHADS) Alamat: Jl. Dolok Sanggul - Siborong - Borong, Pakkat, Kec. Dolok sanggul, Kabupaten Humbang Hasundutan, Sumatera Utara 22457",350.000 - 750.000,"Rating 9/10
 
 This hotel represents a great option for someone who travels around lake Toba. It’s indeed a good quality spacious Hotel with large territory and swimming pool. Breakfast was nice. I also liked traditional decorated houses which stand outside of the main building. No negatives. (Sc: my.trip.com)",Homestay Simamora,200k-400k,"Rating 5/5
 
 Harga ekonomis, bersih dan nyaman. (Sc: google.com)",Rumah Makan ISLAM LESTARI,25000-50000,"Rating5/5
 
 Buat Nongkrong santai dan istirahat saat perjalanan jauh. Harga bersahabat; pemilik atau pengelolanya tidak mau menambahkan charge / fee utk istirahat atau cuci mobil. Semua free… hanya Makan minum yang kita bayar. (Sc: google.com)",Kedai Bakmie Panjang,25000-50000,"Rating 5/5
 
 Salah satu tempat makan enak di Dolok Sanggul, bakmi dan babi kecapnya adalah favorite saya, over all makanannya enak, harga bersaing, pelayanan oke, cekatan, tempatnya beraih... good...(Sc: google.com)",Sitalbak Doloksanggul,,"Rating 5/5
 
 Suasana tenang dan adem. Ada musik juga. Pisgornya enak. Kopinya agak manis tp tetap enak sih. Toilet bersih. Recommended lah utk istirahat sebentar..(Sc: google.com)",,,,,"KMP ASA-ASA
  Marbun Toruan, Kec. Bakti Raja, Kabupaten Humbang Hasundutan, Sumatera Utara 22457",30.000-100.000,"Bakkara- Nainggolan
 situasional Pasar
 Bakkara_16.00
 Nainggolan_10.00","15.000/Orang
 15.000/ Kendaraan",,,"TAO TOBA INDAH
 Ps. Dolok Sanggul, Kec. Dolok sanggul, Kabupaten Humbang Hasundutan, Sumatera Utara",85.000-90.000,,,,,,,,,,,,,Tuan Nagani Paradise,"Rating 5/5
 
 Tempatnya bagus, pelayanannya ramah rekom untuk yg lgi ke daerah dolok sanggul.
 cocok buat acara reuni sekolah
 Dan tempat bersantai buat mencari ketenangan .
 Udara asli dan alami.(Sc: google.com)","15,000",geosite spinsur,"Rating 5/5
 Banyak spot foto bagus sebelum masuk pemandangan ke danau tobanya. Uang masuk 10rb per/org parkiran luas. Petugasnya ramah. (Sc: google.com)",,istana raja sisingamangaraja,,"Rating 5/5
 Istana Raja Sisingamangaraja. berlokasi di 📍Bakara, Humbang Hasundutan , Sumatera Utara, jadi kalau Anda sedang berada di Sumatera Utara . atau lagi planing ke sumut . Tempat ini cocok untuk dikunjugi. Buka setiap hari, dan gratis. (Sc: google.com)",,,"Desa Sihombu, Kecamatan Tarabintang",,"sungai Aek Silang, Kecamatan Baktiraja",,"463,475",0,,"Indonesia, Batak Toba, Inggris",WISATAWAN NUSANTARA = 300.000 - >500.000,Mei-September,Mei-September,November-April,,,,
7,Humbang Hasundutan,"Villa Senior Bakara Alamat: Jl. Muara, Kabupaten Humbang Hasundutan, Sumatera Utara 22457",350.000 - 550.000,"Rating 10/10
 
 Hotel dengan view yang luar biasa terutama dari kolam renang anak.. kamar bersih, pelayanan ramah. (Sc: traveloka.com)",Homestay Tipang,,"Rating 5/5
 
 Best view best bed bes price. (Sc: google.com)",RM PUTRA PRIBUMI (DAGING KUDA) / PRIMATADOS HERBAL,25000-50000,"Rating 5/5
 
 Pelayanan ramah dan informatif.
 Rasa rendangnya enak dan renyah.
 Harga pas. Lokasi strategis. Suasana nyaman. (Sc: google.com)",Tapian Nadenggan Restaurant,25000-50000,"Rating 5/5
 
 Babi goreng dan SOP nya mantul👍👍👍 klw ke Dolok sanggul wajib kesini klw mau mkn babi 😁😁 ada juga saksang dan arsik babi nya 👍👍sambal andalimannya mantap pool... (Sc: google.com)",NAULI CAFE & RESTO,,"Rating 5/5
 
 Saya sebagai orang jawa yang berkunjung ke doloksanggul...tempat ini harus jadi salah satu rujukan kuliner disana..babinya gorengnya dan sambel andaliman bner2an ngk ada lawan...makan puas harga lemas.(Sc: google.com)",,,,,,,,,,,"PARISMA
 Ps. Dolok Sanggul, Kec. Dolok sanggul, Kabupaten Humbang Hasundutan, Sumatera Utara 22457
 
 HP.081370565870",85.000-90.000,,,,,,,,,,,,,,,,Panorama Dolok Pottas,"Rating 5/5
 Kenangan tak terlupakan, pertama kali nya melihat awan dengan cara mendaki, karena saya gak suka mendaki, tapi karena lihat postingan orang orang disini selalu ada awannya, dan pendakian tidak terlalu lama, oke saya coba, ternyata tidak menyesal kesini, dan selalu terkenang, hanya ada kami dan akamsi 4 orang , sungguh menyenangkan. (Sc: google.com)",,parkas pertahanan sisingamangaraja xi,,,,,"Desa Simamora, Kecamatan Baktiraja",,"Arum Jeram
  Desa Wisata Simamora, Kabupaten Humbang Hasundutan, Sumatera Utara",,,,,,WISATAWAN MANCANEGARA = 500.000 - >800.000,,,,,,,
7,Humbang Hasundutan,"Martin Anugrah Hotel Alamat: Jalan Raya Bakkara Sosorgonting, Pasaribu, Dolok sanggul, Humbang Hasundutan Regency, North Sumatra 22457",350.000 - 550.000,"Rating 5/5
 
 Penginapan terbaik di kota Dolok Sanggul, menyediakan air hangat, ruang yang bersih dan nyaman, dekat dengan restoran dan wifi yang cepat, sehingga nyaman untuk bekerja. Ada restoran di depan, jadi tidak perlu jauh untuk mencari makan. Pelayanan yang baik. Jika ke Dolok Sanggul, pasti akan mampir ke hotel ini lagi. (Sc: tiket.com)",Homestay Op.Batu Anggil,,"Rating 5/5
 
 Berada di lokasi ini saat kunjungan Menteri Pariwisata Republik Indonesia pada bulan Juli 2025.
 Lokasi dan unit yang bersih
 Harga bersahabat mulai 150.000 per unit
 Dekat dengan Objek Wisata Sipinsur dan Bandara Silangit. (Sc:google.com)",,,,,,,Tondongta Cafe & Resto,,"Rating 4/5
 
 Kemarin pas hujan. Suasana adem. Pelayan cepat datang. menu bervariasi dan rasa jg oke. Pengaturan bangku juga baik, tidak terlalu padat.(Sc: google.com)",,,,,,,,,,,,,,,,,,,,,,,,,,,,,,,,,,,,,,,,,,,,,,,,,,,
