place,rating,type,review,htm,facilitates,add,service-hour
"Labersa Hotel and Convention Center Toba, Balige",4.5,Hotel bintang 4,"""Tempat nya bagus dan pemandangan yg bagus juga makan sangat baik""",Mulai dari 850.091,"Wifi, Sarapan Gratis, Kolam renang luar, AC, Parkir Gratis, Layanan binatu","Saribu Raja Janji Maria, Kec. Balige, Toba, Sumatera Utara", Waktu check out 12.00
Damar Toba ~ Lakeside Eatery & Stay,4.8,Hotel bintang 3,Makan di tempat,Mulai dari 700.000,"Petugas ramah, restoran dengan menu yang variatif","Jl. Pemandian No.94, Kec. Balige, Sumatera Utara 22312",Waktu check in 14.00
villa borneo,4.6,Hotel Resor,"""Villa / Homestay di daerah Lumban Pea yang paling bagus dan bersih.""",Mulai dari 800.000,"taman, teras, parkir pribadi gratis","Jl. Proyek SMK 3 Pariwisata desa, Lumban Pea, Kec. Balige, Toba, Sumatera Utara 22351","Check in mulai pukul 11.30, Check out hingga pukul 12.00"
Hotel Ompu Herti,4.1,Hotel,"""Parkirnya luas.. view restoran bagus dipinggiran danau toba.""",Mulai dari 200.000,"Parkir Gratis, Wifi gratis, AC, Sarapan","Jl. Pemandian No.02, Sangkar Nihuta, Kec. Balige, Toba, Sumatera Utara 22312","Check in mulai pukul 13.00, Check out hingga pukul 12.00"
SAPADIA VILLA BALIGE III,4.6,Vila,"""Recomend banget tempat nyaa makanan dan villa nyaa enak banget buat enjoy""",Mulai dari 830.000,"AC, TV, Pembuat kopi dan teh, shower, peralatan mandi gratis, pengering rambut","Jl. Pemandian, Pardede Onan, Kec. Balige, Toba, Sumatera Utara 22312"," Check in mulai pukul 14.00, Check out sebelum pukul 12.00"
Gemma Hotel Balige,4.7,Hotel,"""Bangunan rapi Dan ruangan bersih, lengkap dengan lift.""",Mulai dari 500.000,"Wifi, Lift, AC, Restoran, Antar jemput bandara, Fasilitas Rapat, Resepsionis 24 jam, Parkir gratis","Jl. Pemandian No.1 B, Sangkar Nihuta, Kec. Balige, Toba, Sumatera Utara 22312"," Check in mulai pukul 14.00, Check out sebelum pukul 12.00"
Hutanta Cafe,4.5,Kafe,Makan di tempat,25.000 - 50.000,"whitescreen presentasi, karaoke, suasana nyaman","Jl. P. Siantar No.KM 2, Sibola Hotangsas, Kec. Balige, Toba, Sumatera Utara 22312",Buka pukul 10.00
Pantai Libra SS Resto,3.9,Kafe,"""Kalau berkunjung ke Muara,, pasti pertama sekali tertarik untuk berkunjung ke Pantai Libra SS Resto. Karena lokasinya strategis di pintu masuk ke daerah Muara. Kondisi nya cukup Nyaman dan Estetik dengan bersentuhan langsung dengan Danau Toba. Namun berhubung naik nya permukaan Danau Toba menyebabkan lokasi terendam sedikit. Namun untuk yang senang berenang,, ada fasilitas kolam renang yg nyaman. Untuk Makanan dan Minuman sangat terjangkau di kantong. Dan tempat lumayan luas dan dapat menampung banyak orang. Cocok untuk Perayaan ultah atau acara lainnya. Semoga pelayanan nya tetap dipertahankan dan semoga menu2 makanan nya semakin enak.""",25.000 - 50.000,"Makan di tempat, Bawa pulang, kolam renang, permainan anak, karaoke","Unte Mungkur, Kec. Muara, Kabupaten Tapanuli Utara, Sumatera Utara 22476 8WR5+64",08.00 - 21.00
Ulos Toba (Dinar aksesories),4.7,Kerajinan,"""Asli hasil tenun tangan, kainnya lembut dan coraknya wah alami banget""",45.000 - 70.000,Kain tradisional,"Lumban Dolok, Kec. Silaen, Toba, Sumatera Utara 22382",Tutup pukul 21.00
