No,Prompt
1,"Saya ingin berlibur ke Danau Toba selama 1 malam. Budget saya sekitar Rp500.000,-. Saat ini saya berada di Sibolga. Tolong berikan rekomendasi itinerary yang mencakup tempat wisata, akomodasi, transportasi, dan kuliner lokal. Harap sesuaikan dengan anggaran dan durasi yang saya miliki."
2,"Saya ingin liburan ke Samosir.
Titik awal keberangkatan saya dari Medan Amplas.
Mohon buatkan itinerary wisata selama 3 hari 2 malam,
dengan estimasi budget Rp 1.500.000 - Rp 2.000.000 per orang.
Saya ingin mengunjungi tempat-tempat wisata populer di Samosir, dan sekitarnya."
3,"Saya berencana liburan selama 3 hari 2 malam dengan titik keberangkatan dari Tebing Tinggi, Sumatera Utara. Budget saya sekitar Rp 1.500.000 per orang, dan saya ingin menjelajahi kawasan selatan Danau Toba selain Parapat dan Samosir, seperti:
* Balige (wisata budaya dan kuliner)
* Huta Ginjang (spot foto dan view Danau Toba dari ketinggian)
* Tao Silalahi (danau yang tenang, cocok untuk healing)"
4,"Saya mahasiswa Institut Teknologi Del, saya mau refreshing di hari Sabtu. Berangkat pukul 12.00 hingga pukul 19.00. Kemana saya harus pergi?. Budget saya sekitar Rp100.000,-. Tolong berikan rekomendasi itinerary yang mencakup tempat wisata, akomodasi, transportasi, dan kuliner lokal. Harap sesuaikan dengan anggaran dan durasi yang saya miliki."
5,"Saya mau ke Toba menghadiri wisuda di Institut Teknologi Del. Sehabis wisuda kami mau jalan jalan di sekitar sebentar tidak sampai bermalam. Kemana kami harus pergi?. Budget saya sekitar Rp1.000.000,-. Tolong berikan rekomendasi itinerary yang mencakup tempat wisata, akomodasi, transportasi, dan kuliner lokal. Harap sesuaikan dengan anggaran dan durasi yang saya miliki."
