No,Nama Kabupaten,Nama Atraksi,Deskripsi,Lokasi,Opening Hours,Ticket Prices,Historical & Cultural Background
1,TOBA,"Paralayang Puncak Sibodiala, Balige","Spot paralayang Puncak Sibodiala, Balige dibuka tahun 2024., sekitar 15 menit dari pusat kota Balige dan harus mendaki bukit Sibodiala yang punya ketinggian 800 meter dpl untuk sampai dipuncaknya.
 Puncak Sibodiala memiliki pemandangan yang memukau mulai dari hutan pinus, deretan perbukitan, perkampungan dan perkebunan warga
 hingga pemandangan danau toba yang sangat luas.
 Selain itu tak jauh dari sana ada Batu Basiha yang menampilkan tumpukan bebatuan sisa ledakan vulkanis danau toba sekitar 74.000 tahun lalu.
 Dan dari puncak itu, kamu bisa melakukan aktivitas paralayang dengan biaya hanya Rp. 550rb (sudah termasuk asuransi kecelakaan).","Puncak Sibodiala di Balige, Kabupaten Toba",10.00 WIB - 17.00 WIB,"Pelajar Rp 50Rb
 Mahasiswa Rp 450Rb
 Umum Rp 550Rb","Di sekitar Puncak Sibodiala, masyarakat lokal masih menjaga tradisi dan kebudayaan khas Kabupaten Toba.
 Desa Silalahi Pagar Batu merupakan komunitas yang ramah dan terus berupaya mengembangkan potensi wisata alam ini agar berkelanjutan sekaligus memberdayakan ekonomi warga sekitar."
2,TOBA,Juma Bulu River Side Ajibata,"Riverside Juma Bulu memiliki keindahan alam dan udara yang sejuk dikelilingi persawahan serta menyediakan aktivitas tourism yaitu River Tubing.
 Bagi wisatawan yang ingin menginap dengan nuansa alam, River Side Juma Bulu juga menyediakan tempat camping di Desa Pardomuan Ajibata juga terdapat aktivitas Trecking ke Air Terjun Batu Papan.
 
 Sumber : https://wisata.tobakab.go.id/destinasi-wisata/",Desa Pardomuan Ajibata,,"River Tubing Rp 50Rb
 Trecking Air Terjun Batu Papan Rp 100Rb
 Camping River Side Juma Bulu Rp 200Rb","Masyarakat desa Pardomuan Ajibata dikenal dengan keramahan dan keakraban mereka.
 Desa ini sering mengadakan kegiatan gotong royong untuk memperbaiki fasilitas umum, seperti jalan desa dan irigasi.
 Selain itu, desa ini sering mengadakan acara adat dan budaya, seperti Pesta Rakyat ucapan Syukur hasil dar panen ( Pesta Gotilon), dan pentas seni.
 Secara keseluruhan, desa Pardomuan Ajibata adalah desa yang ramah dan indah, dengan masyarakat yang hidup rukun dan harmonis. Desa ini cocok untuk dijadikan destinasi wisata bagi mereka yang ingin merasakan suasana pedesaan yang damai dan menenangkan."
3,TOBA,Kano,"Permainan kano adalah aktivitas rekreasi atau olahraga air yang menggunakan perahu kecil ringan bernama kano, yang digerakkan dengan dayung.
 Olahraga air ini bisa kamu nikmati di pantai Bulbul Balige dengan maksimal dua orang.","Desa Wisata Lumban Bulbul,
 Kabupaten Toba Samosir, Sumatera Utara",,Rp 50Rb,
4,SIMALUNGUN,Bukit Indah Simarjarunjung,"Dari puncak bukit, pengunjung bisa menikmati panorama Danau Toba yang menakjubkan.
 Selain menikmati pemandangan Danau Toba yang memukau dari Bukit Indah Simarjarunjung, pengunjung bisa berfoto di berbagai spot yang sudah tersedia.
 Spot-spot foto ini antara lain rumah pohon, sepeda gantung, kursi dan meja melayang, pohon cinta sampai dengan gardu pandang.","Jl. Simarjarunjung, Butu Bayu Pane Raja, Dolok Pardamean,
 Kabupaten Simalungun, Sumatera Utara 21163",07.00 WIB - 19.00 WIB,Rp 15Rb - Rp 40Rb,
5,SIMALUNGUN,Flyboard di Parapat,"Flyboard adalah wahana air terbaru yang tersedia di Danau Toba, memungkinkan pengguna untuk melayang di atas air dengan bantuan jet air bertekanan tinggi. Wahana ini merupakan atraksi yang sedang populer di kalangan wisatawan","Parapat, Kabupaten Simalungun",,,
6,SIMALUNGUN,ATV di Kebun Teh Sidamanik,"Pengelola wisata Kebun Teh Sidamanik, Kecamatan Sidamanik, Kabupaten Simalungun kini menyeediakan motor ATV (All Terrain Vehicle) untuk hiburan bagi pengunjung. ATV digunakan berkeliling kebun sambil menikmati pemandangan indah teh dan hembusan udara sejuk.","Kebun Teh Sidamanik, Kabupaten Simalungun",-,Rp 50Rb/30 Menit,
7,KARO,Kuliki Paralayang di Tongging,"Kuliki Paralayang Karo, berada di desa Tongging merupakan wisata olahraga terbang bebas yang menggunakan parasut dengan memanfaatkan angin serta lepas landas dengan kaki.","Desa Wisata Tongging, Kabupaten Karo, Sumatera Utara",,Rp 900Rb,Pemanfaatan daerah dataran tinggi disertai pemandangan bukit indah yang dikelilingi Danau Toba membuat daerah ini menjadi destinasi yang menawarkan banyak sekali daya tarik pariwisata di Sumatera Utara.
8,KARO,Canyoneering di Air Terjun Sikulikap,"Canyoneering (atau canyoning) adalah aktivitas petualangan alam yang menggabungkan beberapa teknik seperti:
 Trekking (menjelajah jalur berbatu atau terjal), Rappelling (turun tebing dengan tali), Climbing (memanjat batu atau dinding lembah), Jumping (melompat ke kolam alami dari tebing atau batu), Sliding (meluncur di aliran air), dan swimming (berenang di sungai atau kolam alami).
 Canyoneering di Air Terjun Sikulikap cocok untuk pemula-menengah; ada rappelling dan lompatan.","Penatapan Doulu, Kecamatan Berastagi, Kabupaten Karo",08.30 WIB - 16.00 WIB.,,
9,KARO,Berkuda di Gundaling,"Berkuda di Gundaling, Berastagi adalah salah satu aktivitas wisata yang populer.
 Pengunjung dapat menikmati pemandangan alam Bukit Gundaling sambil menunggang kuda, baik sendiri maupun dengan delman.
 Rute berkuda biasanya dari atas bukit hingga ke Pasar Buah Berastagi.",,,Rp 20Rb,
10,TAPANULI UTARA,"Pacuan Kuda Hoda Marsiadu Siborong-borong
 Olahraga Tradisional Batak","Pacuan kuda Hoda Marsiadu Siborong-borong dilaksanakan dalam suasana perayaan yang meriah, sering kali terkait dengan perayaan hari besar keagamaan atau festival budaya untuk acara ini melibatkan persiapan fisik dan mental yang matang bagi kuda dan pembawa kuda (joki), serta dilakukan upacara adat seperti doa bersama dan ritual keagamaan untuk memohon keselamatan dan keberkahan selama perlombaan berlangsung nilai-nilai budaya yang dalam, pacuan kuda ini juga memiliki peraturan dan tata tertib yang ketat untuk menjaga keselamatan dan keamanan selama acara berlangsung.",Siborong-borong,,,"Pacuan kuda ini dianggap sebagai bentuk penghormatan yang dilakukan terhadap tradisi dan leluhur.
 Masyarakat Batak Toba percaya bahwa menjaga dan melanjutkan tradisi ini adalah cara untuk memuliakan leluhur mereka yang telah meninggalkan warisan berharga, mereka menghargai warisan budaya yang telah diterima dari nenek moyang,
 menjadikannya sebagai bagian integral dari identitas mereka sebagai bangsa Batak.
 Partisipasi dalam pacuan kuda juga merupakan wujud dari solidaritas dan persaudaraan antaranggota masyarakat Batak."
11,TAPANULI UTARA,Paralayang Huta Ginjang,"Puncak Huta Ginjang di Kecamatan Muara, Tapanuli Utara, Sumut, adalah surga paralayang di Sumatera.
 Objek yang berada di kawasan Geosite Kaldera Toba, merupakan salah satu yang terbaik di Indonesia.
 Jarak tempuh dari puncak Huta Ginjang ke tepian Danau Toba sekitar tiga kilometer.","Kecamatan Muara, Tapanuli Utara, Sumut",,Rp 500Rb/30 Menit,"Objek wisata Huta Ginjang merupakan rangkaian dari Geopark Kaldera Toba.
 Terbentuk dari debu vulkanik muda 74.000 tahun lalu. Ketinggian young Toba tuff tersebut 1500 meter dpl.
  Dengan kekuatan angin yang sangat ideal, lokasi tersebut menjadi salah satu spot wisata paralayang terbaik di Indonesia.
 
 Dari puncak Huta Ginjang, pengunjung dapat menikmati panorama yang disusun oleh endapan supervolcano, Pulau Sibandang yang terbentuk dari lava dome dacitic setelah terangkatnya Pulau Samosir."
12,SAMOSIR,Waterfront,"Waterfront City Pangururan adalah nama dari destinasi wisata yang untuk pertama kalinya berfokus pada pembangunan dan pemanfaatan air danau Toba.
 Ketika pertunjukan sudah dimulai kita akan disuguhkan pemandangan betapa indahnya air mancur yang berwarna-warni menari-nari di atas luasnya danau Toba, yang juga diiringi dengan musik. Lalu ada juga pertunjukkan kisah terbentuknya danau Toba yang dipertunjukkan melalui pantulan proyektor, setiap sesi dan suasana saat kisah dimulai warna dan gerakan air terjun juga disesuaikan sehingga setiap penonton akan terbuai dan terbawa dalam suasana yang dikisahkan.",,"Sesi I 19.00 WIB
 Sesi II 21.00 WIB",,
13,SAMOSIR,Sigale-gale,"Sigale-gale adalah boneka kayu unik dari Desa Tomok di Pulau Samosir yang berada di tengah Danau Toba di Sumatra Utara.
 Boneka kayu bercat cokelat itu menjadi bagian penting dari pertunjukan rakyat di Tomok.
 Sigale-gale berasal dari kata gale yang dalam bahasa Batak Toba artinya adalah lemah gemulai. Agar mampu berdiri tegak, sigale-gale diletakkan pada sebuah podium kayu persegi panjang.",,,,"Bagi masyarakat Danau Toba, sigale-gale identik dengan kisah mengenang Manggale, sosok yang sangat dihormati masyarakat Batak Toba karena kehebatannya dalam memimpin perang. Dia adalah anak laki-laki satu-satunya dari Raja Rahat, penguasa Samosir. Sampai suatu hari, Manggale diutus sang ayah untuk mengusir tentara dari kerajaan tetangga.
 
 Namun sayang, Manggale tewas di medan pertempuran dan membuat Raja Rahat merasa kehilangan yang luar biasa. Seluruh rakyat turut bersedih atas gugurnya pewaris tahta Raja Rahat. Oleh karena itu dicarilah pemahat terbaik di kerajaan untuk membuat patung kayu yang ciri-cirinya dibuat mirip dengan Manggale.
 
 Bahkan, roh Manggale pun disisipkan ke dalam patung yang dinamai sigale-gale. Sehingga ketika Raja Rahat rindu kepada Manggale, ia akan mengajak si patung menari tor-tor dan kegiatan itu juga akan diikuti oleh seluruh rakyatnya, demi mengenang Manggale. Sampai hari ini tidak diketahui dengan pasti kapan seni pertunjukan sigale-gale itu dimulai di Pulau Samosir."
14,SAMOSIR,Kampung Ulos Hutaraja,Wisatawan bisa bereksplorasi lebih dalam mengenai kain ulos di Kampung Ulos Huta Raja mulai dari proses produksi kain hingga suasana kampung Ulos yang kental khas budaya Batak. Kampung ini bahkan dianggap sebagai salah satu desa wisata terbaik di wilayah Destinasi Pariwisata Super Prioritas (DSP) Danau Toba.,"Jl. Raya Simanindo Desa Lumbansuhisuhi Toruan, Kabupaten Samosir",,,"Meski tradisi ini sudah dari ratusan tahun yang lalu namun tradisi menenun ulos di Hutaraja masih tetap lestari dan masih ditekuni oleh masyarakat setempat sehingga terus terjaga, karena hal tersebutlah yang menjadi daya tarik pengunjung ke tempat wisata ini."
