place,type,rating,addons,add,service-hour,review,Unnamed: 8,harga_min,harga_max
Pantai Pasir Putih Lumban Bul-bul Balige,Wisata Alam,4.3,"Berenang, Sunset, Sunrise, Banana Boat, Kano, Spot Foto, ","83XF+9VQ, Lumban Bulbul, Kec. Balige, Toba, Sumatera Utara",07.00 - 21.30,"""Gratis, bersih, banyak tempat bermain.""",,5000,10000
Bukit Pahoda,Wisata Alam,4.6,"Sunset, Sunrise, Spot Foto, Hidden Gem","82XR+J4W, Lumban Silintong, Kec. Balige, Toba, Sumatera Utara 22312",05.00 - 17.00,"""Tempat yg sngt rekomended,tinggal mnunggu sentuhan dri pemerintah""",,0,0
Desa Wisata Silalahi Pagar Batu,Wisata Alam,5.0,Tempat sejarah,"Jl. Dr. TB. Silalahi, Hinalang Bagasan, Kec. Balige, Toba, Sumatera Utara 22312",09.00 - 17.00,"""Pengalaman yang bisa menambah umur.""",,0,0
Air terjun siboruon balige,Wisata Alam,4.7,Spot foto,"73QM+VH2, Siboruon, Kec. Balige, Toba, Sumatera Utara 22312",08.00 - 17.00,"""Air terjun bagus…jarak kurleb 1,5 jam dari tarutung.""",,0,0
Puncak Paralayang Sibodiala,Wisata Alam,4.7,"Tempat makan, paralayang, spot foto","828R+Q2, Silalahi Pagar Batu, Kec. Balige, Toba, Sumatera Utara",05.00 - 21.00,"""Tempatnya bagus,tinggal akses aja yg dipeaiki""",,5000,10000
Pantai Pelangi,Wisata Alam,4.6,Tempat memancing,"934X+C47 Pantai pelangi, Lumban Pea, Kec. Balige, Toba, Sumatera Utara",07.00 - 21.30,"""Tempatnya bagus dan cocok untuk tempat healing""",,5000,10000
Penatapan Meat Balige,Wisata Alam,4.6,Spot foto,"82P4+W4H, Jl. Raya Meat, Meat, Toba, Sumatera Utara 22312",24 jam ,"""Masih sepi, tapi utk suasana bagus""",,0,0
Pantai Meat,Wisata Alam,4.3,Spot foto,"Jl. Raya Meat, Meat, Kec. Tampahan, Toba, Sumatera Utara 22312",24 jam ,"""Pemandangan yg bagus belum diimbangi akses dan fasilitas umum yg baik""",,0,0
Tambunan Sunset Beach,Wisata Alam,4.4,Spot foto,932M+7WH,24 jam ,"""Tempat",,0,0
Wisata Bukit Gibeon,Wisata Alam,4.5,"Kolam renang, Kebun jeruk, Kopi, Tempat wisata rohani","HXRX+84Q, UnSionggang Utara, Kec. Lumban Julu, Toba, Sumatera Utara 21174",24 jam ,"""Dan yg dewasa juga ada besar dan luass sekali kolamnya""",,5000,10000
WISATA PUNCAK PANGKODIAN,Wisata Alam,4.4,"Spot foto, tempat kemah","82R5+CFX, Jl. Pangkodian, Lintong Nihuta, Kec. Tampahan, Toba, Sumatera Utara 22312",24 jam ,"""Tempat yg cukup indah,bisa berenang""",,5000,10000
Bukit Tara Bunga,Wisata Alam,4.5,"Spot foto, tempat kemah","82V8+RW6, Lintong Nihuta, Kec. Tampahan, Toba, Sumatera Utara 22312",24 jam ,"""Pemandangan yang bagus baik saat pagi, siang maupun sore hari (sunset)""",,5000,10000
Air Terjun Sampuran,Wisata Alam,4.3,Spot foto,"74GV+3G3, Huta Namora, Kec. Balige, Toba, Sumatera Utara 22312",24 jam ,"""Sudah 2 kali ke tempat ini, tempat yg indah menurut sy.""",,0,0
Geosite Sipinsur,Wisata Alam,4.6,"Kuliner, parkir, toilet, spot foto pohon pinus","Parulohan, Kec. Paranginan, Kabupaten Humbang Hasundutan, Sumatera Utara 22476",07.00 - 23.00,"""Tempat wisata yg terjangkau, asri dan bersih serta viewnya juga bagus.""",,5000,10000
Wisata Rumah Pohon,Wisata Alam,4.5,spot foto pohon pinus,"922G+H4F, Jl. Raya TaraBunga, Tara Bunga, Kec. Tampahan, Toba, Sumatera Utara 22312",24 jam,"""Tempatnya bagus
Spotnya juga keren2 gk nyesal sama sekali""",,5000,10000
Air Terjun Situmurun,Wisata Alam,4.6,"Air terjun, toilet","Jonggi Nihuta, Hatinggian, Kec. Lumban Julu, Toba, Sumatera Utara 22386",08.00 - 17.00,"""Fasilitas tersedia : toilet, penjual pop mie dengan hrg 10""",,5000,10000
Batu Basiha,Wisata Alam,4.5,Tempat sejarah,"825R+VFP, Silalahi Pagar Batu, Kec. Balige, Toba, Sumatera Utara 22312",24 jam,"""Alamnya bagus, tetapi object utamanya kurang menarik""",,0,0
Air Terjun Sigura-Gura,Wisata Alam,4.4,Spot foto air terjun,"H833+VRV, Halado, Kec. Pintu Pohan Merant, Toba, Sumatera Utara 21274",24 jam ,"""Tapi asli sekeren itu bearengan dengan munculnya pelangi.""",,10000,20000
Puncak Huta Ginjang,Wisata Alam,4.7,Spot foto,"8X7C+WCJ, Sitanggor, Kec. Muara, Kabupaten Tapanuli Utara, Sumatera Utara 22476",24 jam ,"""Tempat nya keren,, untuk menikmati sisi lain pemandangan danau toba..""",,5000,10000
Pantai Parparean 2,Wisata Alam,4.5,"Sunset, sunrise","C4MX+F73, Jl. Lintas Sumatera, Patane V, Kec. Porsea, Toba, Sumatera Utara 22384",08.00 - 18.00,"""Tempat nya sangat bersih
Masih alami
Tapi belum ada wahana air nya""",,5000,10000
Boli Boli Hot Spring,Wisata Alam ,4.2,"pemandian air panas, toilet","Situmeang Hasundutan, Kec. Sipoholon, Kabupaten Tapanuli Utara, Sumatera Utara 22452",24 jam ,"""tempat pemandin air panas bagus dan bersih""",,70000,70000
Bukit Senyum,Wisata Alam,4.7,"Tempat foto, tempat berkemah ","JWPC+8C4, Motung, Kec. Ajibata, Toba, Sumatera Utara",24 jam,"""pemandangannya bagus banget, bersih jugaa, toilet bersih""",,0,0
Bukit Tara Bunga,Wisata Alam,4.5,"Spot foto, tempat kemah","82V8+RW6, Lintong Nihuta, Kec. Tampahan, Toba, Sumatera Utara 22312",24 jam ,"""Pemandangan yang bagus baik saat pagi, siang maupun sore hari (sunset)""",,5000,10000
Panorama Adian Nalambok,Wisata Alam,4.4,Spot foto,"Jl. Lintas Sumatera No.126, Gurgur Aek Raja, Kec. Tampahan, Toba, Sumatera Utara 22312",08.00 - 21.00,"""Pemandangan Indah udaranya sejuk""",,0,0
Arung Jeram Desa Parhitean,Wisata Alam,5.0,River rafting,"Jalan Lintas Sigura - Gura, Parhitean, North Meranti, Pintu Pohan Merant, Toba, North Sumatra 21274",08.00 - 17.00,"""Salah satu ter the best Rafting di Dunia
sangat seru dan luar biasa menegangkan PUAS PUAS PUAS""",,0,0
Pantai Hatulian ,Wisata Alam,4.3,,,24 jam,,Tutup,0,0
Pantai Pardinggaran,Wisata Alam,4.6,,"94GC+FF9 Toruan, Pardinggaran, Kec. Laguboti, Toba, Sumatera Utara",24 jam,,Tutup,0,0
Pantai Lumban Silintong,Wisata Alam,5.0,"Sunset, kuliner lokal, supeoat, snorkeling"," Lumban Silintong, Kec. Balige, Sumatera Utara",24 jam,"""Tempat bagus, restoran nya banyak yang recommended""",,0,0
Pantai Pakkodian Tampahan,Wisata Alam,4.5,"Tempat berkemah, tempat makan ","Danau Toba, Lintong Nihuta, Kec. Tampahan, Toba, Sumatera Utara 22312 82Q7+R9",24 jam,"""Lokasi Sangat Cocok Buat Camping Bareng Temen Dan Keluarga.
Lokasi 10/10 (ada di G.Maps)
Jalur Akses 6/10 (jalan bekas beton terkelupas)
Suasana 10/10 (kalo malem dingin, saran bawa pakaian tebal/jaket)
Fasilitas 8/10 (tinggal dijaga kebersihannya)
Rekomendasi 10/10
Budged Ramah Buat Kantong (saran bawa logistik sendiri)
Nilai Plus (Opungnya Ramah²)""",,0,0
Pantai Pasifik Porsea,Wisata Alam,4.0,,,24 jam,,Tutup,0,0
Pantai Janji Maria,Wisata Alam,4.2,,"Saribu Raja Janji Maria, Kec. Balige, Toba, Sumatera Utara",24 jam,,Tutup,0,0
Wisata Alam Fishing-Camp Siarubung,Wisata Alam,4.9,"spot memancing, sewa kayu bakar, sewa tenda, toilet, kano ","HM76+88, Turpuk Limbong, Kec. Harian, Kabupaten Samosir, Sumatera Utara",24 jam,"""Tempatnya asri, dibalik pegunungan, menghadap langsung ke Danau Toba. Lapaknya sudah dibatasi dengan batu sehingga kalau kita mendirikan tenda apabila hujan tidak takut rembes dari tanah. Biaya sewa lapak + kayu bakar sekitar Rp50.000.
Bisa bawa tenda sendiri, bisa juga sewa pada penyedia. Harga per paket bervariasi. Kamar mandi ada 2.""",,10000,50000
Air Terjun Binanga Bolon,Wisata Alam,4.6,spot foto,"Pua Dolok, Kec. Pua, Kabupaten Simalungun, Sumatera Utara 21165 RPWH+FG ",24 jam,"""*Dari jalan tiga ras,di mulai gereja GKPS lalu belok kanan,itu adalah perjalanan yg cukup buat pinggang lelah,sekitar 1,5 jam sampai tujuan,jalan lumayan berat rusak,jgn ragu,jalan saja terus. Saran saya jika bisa jgn pakai motor matic,karena batu batu di jalan cukup besar. Untuk air terjun nya,akses dari jalan yg sudah di buat penduduk belum selesai semua,anda harus berjalan kaki dan lompat dari batu ke batu.
*Tidak ada tempat yg rata di sekitaran air terjun untuk duduk dan beristirahat,anda akan basah oleh bintik bintik air terjun.
*yg pasti air terjun nya masih alami,bahkan saya dan semua teman minum dari air terjun tersebut.""",,0,0
Air Terjun Sigarattung,Wisata Alam,4.5,spot foto,"JV67+2MF, Tomok, Simanindo, Kabupaten Samosir, Sumatera Utara 22395",24 jam,"""Air Terjun Sigarattung, juga dikenal sebagai Sampuran Na Pitu, adalah salah satu keajaiban alam langka yang dapat Anda kagumi tanpa perlu bersusah payah. Tidak ada trekking di hutan, tidak ada lintah, tidak ada pendakian eksistensial, cukup menepi di pinggir jalan, arahkan kamera Anda, dan berpura-pura menjadi Bear Grylls yang sedang istirahat.

Air terjun ini jatuh secara dramatis melalui pepohonan lebat, memberikan performa penuh bahkan jika Anda hanya menonton dari aspal. Ini kuat, indah, dan cukup keras untuk meredam obrolan ringan. Sempurna untuk berhenti sejenak untuk meregangkan kaki, mengambil beberapa foto, dan mempertanyakan mengapa tempat megah ini tidak begitu terkenal.""",,5000,10000
Batu Marhosa,Wisata Alam,4.2,"tempat parkir, spot foto ","JV39+M62, Jl. Pulau Samosir, Tomok, Simanindo, Kabupaten Samosir, Sumatera Utara 22395",24 jam,"""Batu Marhosa merupakan wisata keajaiban Alam, saya tidak tau istilahnya. tapi ada aliran dingin yang keluar dari batu ini. bukan merupakan tempat wisata, jadi tidak ada pengelolanya. terletak di pinggir jalan dan tidak ada tanda/ papan nama. tidak ada sinyal di sekitar lokasi. kemungkinan anda bisa tersesat. tapi saya ada foto ada air terjun kecil didekatnya bisa dijadikan patokan dan sedikit ruang parkir.""",,0,0
Danau Sidihoni,Wisata Alam,4.4,"tempat memancing, spot foto","Salaon Toba, Kec. Ronggur Nihuta, Kabupaten Samosir, Sumatera Utara",24 jam,"""Danau tenang yang dikelilingi oleh padang rumput yang populer untuk jalan-jalan & piknik keluarga. Danau di dalam area danau. Danau Sidihoni terletak di daerah Sidihoni yang berada di Pangururan masih berada di area di Pulau Samosir, Danau Toba, Kabupaten Samosir juga. Tidak besar tapi cukup asri dan bagus. Sering dijadikan sebagai tempat memancing masyarakat sekitar dan tentu saja sebagai tempat wisata.""",,0,0
Bukit Sidihoni,Wisata Alam,4.6,tempat parkir,"JP4X+3HP, Sidihoni atas, Salaon Toba, Kec. Ronggur Nihuta, Kabupaten Samosir, Sumatera Utara 22392",24 jam,"""Sebuah tempat yang lumayan iconic setelah menjadi lokasi pre-wedding artis. Bukitnya indah dengan gereja di puncaknya. Tepat di bawah bukit ini terdapat danau dengan nama yang sama, yang di sebut danau di atas danau. Masuk ke lokasi ini dari samping rumah penduduk, melewati lahan pertanian.""",,5000,10000
Cottage Aek Tawar Sari,Wisata Alam,4.8,spot foto,"Ronggur Nihuta, Kec. Ronggur Nihuta, Kabupaten Samosir, Sumatera Utara HQQJ+8H",24 jam,"""Tempatnya bagus untuk menikmati senja yang mampir ke bumi, sangat ku rekomendasikan untuk didatangi jika berkunjung ke pulau samosir.""",,0,0
Panorama Lembah Bakara,Wisata Alam,5.0,"spot foto, tempat healing","8VR5+VP, Huta Lontung, Kec. Muara, Kabupaten Tapanuli Utara, Sumatera Utara",24 jam,"""Lokasi teaik untuk spot foto""",,0,0
Bukit Simargulang Ombun,Wisata Alam,4.4,spot foto,"Kode Pos, Desa, Parulohan, Kec. Lintong Nihuta, Kabupaten Humbang Hasundutan, Sumatera Utara 22475 8VP7+8G",24 jam,"""Tidak sengaja berkunjung ke tempat yang super indah dan nyaman ini. Awalnya solo touring menuju Bakara, dan singgah untuk istirahat minum kopi sebentar. Ehhh...ternyata disuguhkan dengan pemandangan indah, dan ownernya ramah. Kopinya juga magnus👍""",,5000,10000
Bukit Sipatungan,Wisata Alam,4.5,"spot foto, tempat singgah sejenak","CQGV+X8C, Sabulan, Kec. Sitio-Tio, Kabupaten Samosir, Sumatera Utara",24 jam,"""Suasana baguss,.. Pemandangan nya bagus sekali..
Lebih baik pergi di pagi hari sekitar subuh.. biar dapat matahari teitnya...
Biar gak terlalu panas kali.
Perjalanannya penuh perjuangan.
LHT dan LHP semakin didepan""",,0,0
Bukit Simargulang Ombun,Wisata Alam,4.6,spot foto,"GP4Q+GG6, Tamba Dolok, Kec. Sitio-Tio, Kabupaten Samosir, Sumatera Utara",24 jam,"""Tempat Wisata Pemandangan Alam yg sangat Indah Sejuk, Asri.
Tiada dua ny..
#SamosirIsland #Negri Indah Kepingan Surga.""",,0,0
Air Terjun Sitapigagan,Wisata Alam,4.5,"lingkungan asri, hidden gem","JJQ5+QR, Bonan Dolok, Kec. Sianjur Mula Mula, Kabupaten Samosir, Sumatera Utara 22396",09.00 - 17.00,"""The real hidden gem. Butuh perjuangan kemari. Masih benar benar alami.""",,0,0
Singgolom,Wisata Alam,4.8,spot foto,"Jl. Singgolom Raya, Lintong Nihuta, Kec. Tampahan, Toba, Sumatera Utara 22312 82V9+43 ",24 jam,"""Lokasi keren untuk melihat sunset dan menatap keindahan danau toba dari sekitar kota balige""",,0,0
Puncak Panorama Aek Nauli,Wisata Alam,4.6,"jalur tracking, pemandangan indah","PW5J+F55, Sibaganding, Kec. Girsang Sipangan Bolon, Kabupaten Simalungun, Sumatera Utara 21174",24 jam,"""Sudah berkali-kali ke tempat ini, walaupun perjuangannya lumayan bikin ngos2an tapi ga akan kecewa kalo udah sampai sini, kalian bisa lihat sisi lain pemandangan danau toba di tengah sejuknya udara dan hutan yang asri""",,0,0
Pusat Informasi Toba Caldera UNESCO Global Geopark,Wisata Alam,4.6,"pemandangan bukit hijau, toilet","HJVM+CCF, Sigulatti, Sarimarrihit, Kec. Sianjur Mula Mula, Kabupaten Samosir, Sumatera Utara 22396",09.00 - 17.00,"""Mereka menampilkan video tentang sejarah geografis teentuknya Danau Toba, serta memberikan panduan untuk menjelaskan informasi lebih mendalam tentang spesies di sekitar Danau Toba dan budaya Batak. Biaya masuknya sebesar Rp.10.000 per orang. Menghabiskan hampir 1 jam di sini. Jalan menuju lokasi juga sudah bagus.""",,10000,10000
Caldera toba nomadic escape (glamour camping),Wisata Alam,4.5,"spot foto ""jokowi point"", penginapan glamping, cafe, teater mini, flying fox, toko souvenir, sunset","JW5W+4CX, Pardamean Sibisa, Kec. Ajibata, Toba, Sumatera Utara 22386",07.00 - 18.00,"""Tempat ekowisata yang indah di peukitan tepi Danau Toba, dari Parapat naik kurang lebih 45 menit. Tempatnya luas, hijau dan rindang. Sudah dibuat spot2 wisata, foto dan aneka ajang permainan atau pertunjukan. Paling ikonik adalah spot foto duduk di kursi dgn latar belakang Danau Toba, yg dinamai Jokowi Point.""",,5000,40000
Bukit Holbung,Wisata Alam,4.7,"tempat kemah, pemandangan danau","Hariara Pohan, Kec. Harian, Kabupaten Samosir, Sumatera Utara GMJX+45",24 jam ,"""Tiket masuk wisata ini seharga IDR 5000 dan kita perlu mendaki bukit untuk mendapatkan view teaik.
Semakin tinggi mendaki, akan mendapatkan pemandangan teaik danau toba dan bukit-bukit di sekitarnya.
Di sini juga tersedia sewa tenda dan drone.
Cuaca di sini akan sangat terik, sebaiknya berkunjung sebelum jam 11 pagi atau setelah jam 3 sore.""",,5000,15000
Batu lihi star,Wisata Alam,4.3,"udara sejuk, pemandangan sunset","QRHC+G25, Jl. Pematang Pua - Parapat, Pematang Tambun Raya, Kec. Pematang Sidamanik, Kabupaten Simalungun, Sumatera Utara 21186",10.00 - 19.15,"""Salah satu sudut untuk menikmati pemandangan danau toba dan pulau samosir. Jaraknya tidak terlalu jauh dari kota parapat. Untuk mencapainya bisa menelusuri jalan arah kota pematang siantar. Sepanjang perjalanan anda akan disuguhi pemandangan hutan hujan tropis yg apik sekali, udaranya sejuk juga, jalannya juga termasuk mulus meskipun ada beberapa titik yg rusak. Tapi overall ok bgt buat di agendakan untuk ke sini. Selain itu tidak jauh dari spot ini juga ada kebun teh yang luas sekali.

Menurut saya best view dari spot ini ketika sunset dan ketika cuaca sedang cerah. Minusnya sih tidak banyak tenant makanan ya, jadi sebisa mungkin yg ingin berkunjung ke sini membawa bekal ya.""",,5000,10000
Batu Maroppa,Wisata Alam,4.5,pemandangan indah,"FPJ8+C6P, Tamba Dolok, Kec. Sitio-Tio, Kabupaten Samosir, Sumatera Utara 22391",24 jam,"""Akses bs dr dermaga tamba ke lokasi. Bs juga dari bukit holbung lanjut menuju titik lokasi di gmap. Akan ada rumah warga yang bisa menjadi lokasi parkir. Untuk guide ada anak anak  warga setempat. Belum ada HTM. Masih sukarela berapa. Hiking santai 1 jam naik. Pemandangan indah dari batu maroppa melunaskan rasa lelah karena pendakian yang menanjak ini""",,0,0
Togaraja,Wisata Alam,4.7,"joglo, tempat berkemah","GMJ3+24, Partungko Naginjang, Kec. Harian, Kabupaten Samosir, Sumatera Utara 22391",24 jam,"""Tempatnya sangat bagus, dan jauh dari keramaian, ada toilet yang bersih dan listrik di pintu masuk
Untuk biaya camp : masuk 15K per orang + parkir sepeda motor 5K
Dsni anginya sangat kencang, harap camp disini pas cuaca bagus , dan pastikan frame camp kuat dengan pacak yang kuat juga. Tersedia beberapa joglo""",,5000,15000
Pantai Pulo Tao,Wisata Alam,4.5,"area rekreasi, warung lokal, pasir putih yang bersih","Sitalolo No.Desa, Cinta Dame, Simanindo, Samosir Regency, North Sumatra 22395 QP4M+PR",09.00 - 17.30,"""Pantai Pulo Tao adalah destinasi wisata yang terletak di Pulau Samosir, Sumatera Utara. Pantai ini dikenal dengan suasana yang tenang dan pemandangan alam yang menawan.

Pantai Pulo Tao menawarkan pasir putih yang bersih dan air Danau Toba yang jernih, cocok untuk berenang dan berjemur. Suasana di pantai ini relatif sepi, menjadikannya ideal untuk bersantai dan menikmati ketenangan. Selain itu, pemandangan di sekitar pantai yang dikelilingi oleh pegunungan dan vegetasi tropis menambah daya tariknya.

Fasilitas di Pantai Pulo Tao mungkin sederhana, dengan beberapa warung lokal untuk makanan dan minuman. Akses ke pantai ini cukup mudah dari beagai titik wisata di Samosir.

Secara keseluruhan, Pantai Pulo Tao adalah pilihan yang baik untuk menikmati keindahan alam dan suasana damai di Samosir.""",,0,0
Desa Wisata Sigapiton,Wisata Alam,4.6,penduduk ramah,"JW2H+4QP, Unnamed Road, Motung, Ajibata, Toba, North Sumatra 22386",07.00 - 18.00,"""Kami sampai di Kaldera pukul 7 pagi, saat itu warung2 masih tutup, kami memutuskan explore tempat lain dan menemukan lokasi desa ini.

Jalanan menuju desa ini sangat terjal, sudah ada rigid namun hanya dapat dilewati 1 mobil yang bertenaga besar seperti fortuner, sampai di ujung titik ini kami disambut dengan hangat oleh Bapak Kepala Dusun yang rumahnya tepat di depan Danau Toba, ""Welcooomee!!"" katanya. Padahal kami tidak ada yg saling mengenal 😂

di desa ini hanya ada sekolah TK SD maka dari itu pemuda di desa ini sedikit, itulah kenapa Pak Kepala Dusun tadi sangat ramah, beliau mengajak ngobrol banyak hal, ingin sekali desa ini kedepannya menjadi terkenal.

Harapannya dengan tulisan saya di sini, orang mau mencoba berkunjung kemari, selain desanya sangat tenang, tentram, pemandangannya sangat indah.""",,0,0
Menara Pandang Simanindo,Wisata Alam,4.5,"gazebo, spot foto","PQX2+656, Simanindo Sangkal, Simanindo, Kabupaten Samosir, Sumatera Utara",24 jam,"""Pertama singgah karena ga paham tempat apa,
Dari atas bisa lihat rumah adat juga

Pagi pagi kesini pintu masih tutup sehingga motor parkir di jalan raya. Naik ke atas ternyata view bagus, ada juga gedung tapi tidak terurus,
Semua kosong
View bagus amazing
Saya sangat suka sekali

Smoga bisa di urus dengsn baik""",,5000,7000
Bukit Burung,Wisata Alam,4.8,"pemandangan danau, udara sejuk","JMJ3+MXF, Siboro, Kec. Sianjur Mula Mula, Kabupaten Samosir, Sumatera Utara",24 jam,"""View nya bagus. Cuman kurang di prasarana pelengkap aja. Semoga semakin ramai dan bisa seperti tmp wisata viral lain. Tapi harus yang long lasting ya.""",,0,0
Air Terjun Tombak Pangaribuan,Wisata Alam,4.0,sejuk,"GRJ8+JPW, Palipi, Kec. Palipi, Kabupaten Samosir, Sumatera Utara 22393",24 jam,Tempat ini cocok bagi yg suka tantangan dan sekaligus sebagai tempat untuk berdoa pada Tuhan dgn keindahan alam dan udara yg begitù menyejukkan.👍👍👍 …,,0,0
Pantai Silalahi,Wisata Alam,4.4,tersedia musholla,"QGVH+V4Q, Silalahi III, Kec. Silahsabungan, Kabupaten Dairi, Sumatera Utara",08.00 - 20.00,"""Pemandang indah dari danau Toba , melihat langsung bukit2 dengan hamparan Padang rumput yang indah.

Untuk menuju kemari harap periksa kondisi kendaraan anda, isi full BBM, hati hati Jalan mulus tapi berliku dan licin

Tersedia Musholla An-nur dikaji bukit""",,0,0
Aek Rangat Pangururan,Wisata Alam,4.3,tersedia tempat makan,"JM9G+F6 Aek Rangat, Kec. Pangururan, Kabupaten Samosir, Sumatera Utara 22392",24 jam,"""Gratis untuk mandi air hangat, tidak di pungut bea masuk, cukup makan atau minum sesuai menu yang tersedia, tidak ada pungutan lain.
Dijamin kunjungan anda berkesan.""",,10000,15000
PENATAPAN PARHALLOW SIGARANTUNG,Wisata Alam,4.6,"pemandangan danau, udara sejuk","JV8C+WWW, Tomok, Simanindo, Kabupaten Samosir, Sumatera Utara 22395",08.00 - 23.00,"""permata dari pit-stop! Setelah perjalanan yang dingin dan hujan ke atas bukit, Parhallow Viewpoint and Coffee adalah pelukan hangat yang kami butuhkan dengan secangkir coklat panas yang disajikan oleh seorang gadis kecil yang lucu. Kenyamanan murni dalam cangkir. Dan pisang gorengnya—yang renyah, berwarna keemasan, dan mengembang dengan indah—terasa seperti piala yang layak diterima karena berhasil bertahan di jalanan basah.""",,0,0
Batu Gantung,Wisata Alam,4.5,"pemandangan selama perjalanan bagus, boat","MWQF+9P3 Lake Toba, Kabupaten Simalungun, Sumatera Utara 21174",09.30 - 17.30,"""Selalu gak pernah bosen liburan ke Danau Toba, suasana dan alam yang selalu asri dan nyaman untuk menghabiskan waktu bersama keluarga.

Sewa Boat untuk sampai ke Batu Gantung cerita Legenda Danau Toba
Untuk sewa boat harga bervariasi tergantung besar boat 🚤
""",,15000,20000
Gunung Pusuk Buhit,Wisata Alam,4.7,"jalur tracking, sunset, sunrise","JM22+6J8, Ginolat, Kec. Sianjur Mula Mula, Kabupaten Samosir, Sumatera Utara 22396",24 jam,"""Bagus, memang ini gunubg sakaral. Tapi, tak kalah ciamik dari segi pemandangan, sangat recomended buat di daki. Jaga attitude saat mendaki karena masih kental akan kepercayaan masyarakat lokal dan masih rutin di datangi peziarah juga.""",,0,0
Bukit Sipolha,Wisata Alam,4.6,"toilet, camping ground","PVM5+XP3 Bukit Sipolha, Sipolha Horison, Pematang Sidamanik, Simalungun Regency, North Sumatra 21186",24 jam,"""Jalan masuk dri gapura lumayan bagus, curam, dan ada sekitar 300 mtr-an jln yg beatu dan blm beraspal. Biaya parkir 5, perorg 5. Kamar mandi lumayan bersih. Ada 2 destinasi, puncak sipolha (ini asik dn keren) walaupun cma dataran tanah gitu aja. 1 lg, camping ground dipinggir pantai.""",,5000,10000
Air Terjun Janji,Wisata Alam,4.6,"pemandian terpisah laki laki dan perempuan, warung makanan","8RQ8+Q8 Tipang, Kec. Bakti Raja, Kabupaten Humbang Hasundutan, Sumatera Utara 22457",24 jam,"""Pemandangan air terjunnya sangat indah, lokasi bersih ada tempat pemandian terpisah antara laki laki dan perempuan, masuk tidak dipungut bayaran, hanya ada kotak (dari kardus) untuk memberi sukarela tanpa diawasi (memberi atau tidak, tidak masalah) sekeliling terdapat warung warung makanan (ikan mujahir goreng dan mi gomaknya mantap)""",,,
Gua Liang Sipege,Wisata Budaya / Sejarah,4.8,Tempat bersejarah,"8452+FP3, Hutagaol Peatalun, Kec. Balige, Toba, Sumatera Utara 22312",24 jam ,"""Mari sama2 kita jaga dan lestarikan alam kita.""",,0,0
Monumen Raja SONAKMALELA,Wisata Budaya / Sejarah,4.4,Spot foto,"83M8+MMM, Napitupulu Bagasan, Kec. Balige, Toba, Sumatera Utara", 24 jam,"""ada pedagang diluar pagar
kabel lampu, kurang memperindah suasana""",,0,0
Makam Sisingamangaraja XII,Wisata Budaya / Sejarah,4.5,tempat sejarah,"82JX+8Q3, Silalahi Pagar Batu, Kec. Balige, Toba, Sumatera Utara 22312",24 jam ,"""Bagus tapi kurang Terawat""",,0,0
Desa Adat Ragi Hotang,Wisata Budaya / Sejarah,4.5,desa dengan nuansa budaya yang kental,"8293+6WP, Meat, Kec. Tampahan, Toba, Sumatera Utara 22312",24 jam,"""suasananya sangat tenang , penduduk sekitar juga ramah .
Tempat yg menurutku masih sakral .
Didekat sini juga ada aliran sungai yg keren dan berdampingan dengan persawahan""",,0,0
Monumen Perang Dunia II,Wisata Budaya / Sejarah,4.2,monumen sejarah,"C5V4+8FW, Jl. Porsea, Ps. Porsea, Kec. Porsea, Toba, Sumatera Utara 22384",24 jam,"""Monumen peringatan perjuangan pemuda pejuang Toba Porsea di masa perjuangan untuk merebut kemerdekaan negeri dari peudakan kolonialisme dan peudakan.""",,0,0
Monumen D.I. Panjaitan ,Wisata Budaya / Sejarah,4.8,monumen sejarah,"83M7+RJ4, Napitupulu Bagasan, Kec. Balige, Toba, Sumatera Utara",24 jam,"""ketika melihat bangunan nya akan terlihat biasa,tapi history sejarah yg melekat di balik kisah tugu tersebut sangat luar biasa dari tokoh Pahlawan kita Bapak D.I PANJAITAN""",,0,0
Mual Sipangolu (Mual Sisingamangaraja),Wisata Budaya / Sejarah,4.9,"toilet, kolam","8RFW+HF7, Jl. Muara Aek Sipangolu, Simangulampe, Kec. Bakti Raja, Kabupaten Humbang Hasundutan, Sumatera Utara 22457",24 jam,"""Airnya segar, ada kolamnya dan pancuran langsung ke kolam, ada juga kamar mandi psah antara laki² dan perempuan.
Sewaktu kesana blm ada pungutan biaya apapun.""",,0,0
Mual Sirambe,Wisata Budaya / Sejarah,4.6,"ihan batak, mata air","84WF+FRV, Sitangkola, Kec. Laguboti, Toba, Sumatera Utara 22381",24 jam,Mual Sirambe Nauli dikenal sebagai sumber kehidupan atau sumber air bagi masyarakat sekitar.,,0,0
Desa Wisata Tomok Parsaoran,Wisata Budaya / Sejarah,4.3,"museum batak, komplek makam, rumah adat","Jl. Makam Sidabutar Jalan, Tomok, Simanindo, Kabupaten Samosir, Sumatera Utara 22395 MV26+PC",24 jam,"""Bernuasa magis tp lebih kepada histori.
Menyenangkan dan tempat juga tertata walau sedikit sempit karena bagian jalan terisi jualan ole2 khas samosir""",,10000,30000
Kampung Ulos Hutaraja,Wisata Budaya / Sejarah,4.6,"toilet, praktik membuat kain songket, rumah adat ","Kampung ulos, Huta Bolon, Kec. Pangururan, Kabupaten Samosir, Sulawesi Utara 22392 MM7Q+HJ",08.00 - 17.00,"""Salah satu tujuan wisata di Pulau Samosir yang menyajikan budaya Batak.""",,0,0
Patung Sigalegale,Wisata Budaya / Sejarah,4.6,"toko pakaian, toko souvenir","MV26+P8P, Tomok, Simanindo, Kabupaten Samosir, Sumatera Utara 22395",08.00 - 19.00,"""Ikon di Palau Samosir, pengalaman berkunjung kesini sebenarnya tidak ada tiket masuk, hanya saja kalau mau foto dengan pakaian adat bolehlah kasih 5000/orang untuk foto di depan rumah adat. Ada juga acara menari di depan patung Sigale-gale, bila ingin tengok bayar 100  per rombongan. Terdapat banyak toko pakaian dan souvenir di sepanjang lorong menuju museum. Suasananya cukup bagus di dalamnya.""",,5000,10000
Istana Raja Sisingamangaraja,Wisata Budaya / Sejarah,4.6,"sejarah keturunan sisingamanagraja, rumah adat batak","8R47+82P, Simamora, Kec. Bakti Raja, Kabupaten Humbang Hasundutan, Sumatera Utara 22457",24 jam,"""Istana Raja Sisingamangaraja
Tempat sejarah keturunan dari Sisingamangaraja
Terdapat banyak budaya Batak disini salah satunya rumah adat Batak.""",,5000,10000
Batu Kursi Raja Siallagan ( Stone Chair of King Siallagan ),Wisata Budaya / Sejarah,4.5,"tempat bersejarah, spot foto","Siallagan Pindaraya, Jl. Lkr. Tuktuk, Simanindo, Kabupaten Samosir, Sumatera Utara 22395 MRHP+JC",08.00 - 18.00,"""Huta sialagan yang terletak di desa Siallagan merupakan salah satu destinasi wisata yang menurutku wajib dikunjungi, disini kalian dapat melihat beagai jenis rumah bolon ( rumah adat Batak Toba ) yang memiliki ciri dan keunikan yang khas , selain itu kita juga akan melihat adanya batu persidangan yang dimana merupakan tempat untuk membuat keputusan dan mengadili pelaku kejahatan pada saat itu .. yang terdiri atas bangku raja, penasehat, dukun, terdakwa dan pelaku kejahatan. Dan gak perlu khawatir, di tempat ini juga telah tersedia tour guide yang akan memandu seluruh wisatawan yang berkunjung untuk dapat memahami setiap elemen dan benda yang ada di tempat ini. Untuk fee ( uang masuk ) hanya 10 ribu rupiah saja. Terimakasih 😁
Waktu kunjungan""",,10000,25000
Sopo Guru Tatea Bulan | ᯘᯬᯇᯬ ᯎᯮᯒᯮ ᯖᯖᯩᯀ ᯅᯮᯞᯉ᯲,Wisata Budaya / Sejarah,4.7,"pemandangan indah, tempat bersejarah, spot foto","HJRJ+Q7R, Sarimarrihit, Kec. Sianjur Mula Mula, Kabupaten Samosir, Sumatera Utara 22396",24 jam,"""Tempatnya bersih, selalu diberisihin. Tiket masuk 5. Oiya, kalau ngasih tiket kata tukang bersih bersihnya sama dia aja, jangan sama warung yang di depan.""",,5000,10000
Rumah Pesanggrahan Bung Karno,Wisata Budaya / Sejarah,4.6,sejuk,"Pantai mercusuar, Parapat, Kec. Girsang Sipangan Bolon, Kabupaten Simalungun, Sumatera Utara 21174 MW8G+5H",09.00 - 17.00,"""Rumah ini dulu adalah tempat pengasingan 3 serangkai pejuang kita Soekarno, Sutan Syahrir dan Agus Salim, yang dipindahkan dari pengasingan semula di Brastagi. Banyak cerita menarik yang disampaikan oleh juru pelihara rumah ini. Lokasinya prima di tepi Danau Toba, udara sejuk cenderung dingin di pagi hari dan kehangatan mengiringi view senja yang mempesona. Tempat yang sangat disarankan untuk dikunjungi.""",,0,0
"Museum Huta Bolon Simanindo
",Wisata Budaya / Sejarah,4.2,"bunga - bunga indah, rumah adat, desa adat","QP2V+VJX, Jalan Pelabuhan, Simanindo Sangkal, Simanindo, Samosir Regency, North Sumatra 22395",08.00 - 17.00,"""Jadi kami dibawa ke sini sebagai bagian dari tur untuk melihat museum Batak tetapi Anda harus pergi hanya untuk taman! Biaya masuknya adalah 20K per orang yang tidak berarti apa-apa untuk pemandangan yang luar biasa dan bunga-bunga yang indah. Pemiliknya beicara bahasa Inggris dengan baik dan sangat ramah. Dia bilang dia juga menjalankan tempat tidur dan sarapan (tampaknya dapat ditemukan di booking.com).

Selain dari satu pasangan saya melihat tinggal di sana kami adalah satu-satunya orang. Terdapat papan informasi tentang tradisi Batak di luar bangunan namun tidak ada label di dalam rumah induk yang memuat artefak. Ada museum utama/rumah adat, beberapa kuburan, desa adat (kami tidak masuk ke dalam rumah desa mana pun karena ada beberapa serangga raksasa beteangan yang tampak agresif).

Untuk elemen museum Batak saja saya akan mengatakan ini adalah bintang 3 atau 4 karena memiliki informasi dalam bahasa Inggris tetapi bisa lebih menyeluruh mengenai artefak. Tapi untuk taman saya akan membayar lebih! Perlu juga disebutkan bahwa toiletnya bersih, ada tisu toilet, dan ada sabun di wastafel.""",,10000,20000
Tugu Toga Aritonang,Wisata Budaya / Sejarah,4.5,"pemandangan indah, tempat bersejarah, spot foto","8WQR+RQ Desa, Dolok Martumbur, Kec. Muara, Kabupaten Tapanuli Utara, Sumatera Utara 22476",24 jam,"""Tugu persatuan Marga Aritonang (Ompusunggu, Rajagukguk, dan Simare-mare). Letaknya berada di atas bukit yang sangat indah. Bisa melihat luasnya hamparan Danau Toba dan desa Buntu Raja yang berkelok-kelok tepat di bawah Hutaginjang.""",,0,0
Pemandian Aek Sipitu Dai,Wisata Budaya / Sejarah,4.3,air dengan 7 rasa,"HJHX+F2X, Aek Sipitudai, Kec. Sianjur Mula Mula, Kabupaten Samosir, Sumatera Utara 22396",06.00 - 23.00,"""Tempatnya bukan pemandian ya sebenarnya lebih ke membasuh diri. 1 bilik 4 Mata air, 1 bilik lagi 3 Mata air. Tempat sakral jadi ga boleh pakai kasut, ulos boleh dipakai Dan akan disandangkan sesuai adat setempat. Ada aturannya. Tempatnya rada berlumut jadi mau hati hati melangkah. Di samping, pemandangan sawah bagus banget""",,10000,10000
Labersa Toba Fantasi Waterpark,Wisata Buatan,3.7,"wahana air, restoran, toilet, gazebo, pelampung, area parkir","Jl. Saribu Raja, Saribu Raja Janji Maria, Kec. Balige, Toba, Sumatera Utara",09.00 - 18.00,"""Di sisi lain utk usia 65 keatas bila bawa KTP akan free of charge.""",,40000,50000
TB Silalahi Swimming Pool,Wisata Buatan,4.0,"Tempat makan, tribun penonton, toilet","82MW+RWJ, Silalahi Pagar Batu, Kec. Balige, Toba, Sumatera Utara 22312",09.00 - 18.00,"""Kolam renang ini menyediakan Tiket Masuk Hari Senin - Jumat Rp.""",,15000,20000
Taman Eden 100,Wisata Rohani,4.5,"Jalur tracking, panorama air terjun","Ps. Lumban Julu, Kec. Lumban Julu, Toba, Sumatera Utara 22386",08.00 - 18.00,"""Terdapat jalur trekking yg fun dengan panorama pegunungan dan air terjun.""",,7500,15000
Bukit Doa,Wisata Rohani,4.5,"banyak ruangan doa, toilet","8X7J+W4F, Huta Ginjang, Kec. Muara, Kabupaten Tapanuli Utara, Sumatera Utara 22476",24 jam ,"""Tempat yg indah, sejuk dan tenang dengan view danau toba yg bagus banget.""",,0,0
Makam DR. I.L. Nommensen,Wisata Rohani,4.5,"sejuk, asri","95W4+39V, Sigumpar Dangsina, Kec. Sigumpar, Toba, Sumatera Utara 22384",24 jam,"""Mengenang sejarah perkembangan Gereja di Sumut""",,0,0
Gereja Tua HKBP SIgumpar,Wisata Rohani,4.7,dekat dengan makam DR. I. L. Nommensen,"Jln.Pdt.DR.IL.NOMMENSEN no.1 Sigumpar, Sigumpar Dangsina, Kec. Sigumpar, Toba, Sumatera Utara 22384  95V4+WX",24 jam,"""Sebuah gereja yang masi memiliki arsitektur zaman dulu..dibelakang gereja ini terdapat makan misionaris dr.I.L.Nomensen""",,0,0
Gereja Tua HKBP Balige,Wisata Rohani,4.7,"dekat dengan Rumah Sakit HKBP Balige, Gedung Seaguna","83J8+8XW, Jl. Gereja, Balige III, Kec. Balige, Toba, Sumatera Utara 22314",10.00 - 16.00,"""Sangat indah dan megah""",,0,0
Taman Wisata Iman Dairi,Wisata Rohani,4.3,"Spot foto, tempat berdoa","Jalan Sidikalang - Medan No.5, Sitinjo, Kec. Sitinjo, Kabupaten Dairi, Sumatera Utara 22281 P9JM+Q5",08.00 - 19.00,"""Tempat wisata yang sangat indah. Ada beagai rumah Ibadah dalam komplek Taman Wisata Iman, cocok sebagai tempat wisata religi. Saya mengunjungi Vihara saddhavana. Aura vihara hutan sangat kental.  Cuaca selalu sejuk, malemnya sangat sejuk. Termasuk tempat paling sejuk di Sumatera utara""",,5000,20000
Salib Kasih Tarutung,Wisata Rohani,4.6,"pemandangan alam pohon, udara sejuk, spot foto","2292+3HV, Dolok Siatas Barita, Sosunggulon, Kec. Tarutung, Kabupaten Tapanuli Utara, Sumatera Utara 22416",08.00 - 18.00,"""Objek wisata rohani untuk umat kristiani yang sangat populer di Tarutung. Lokasinya berada di puncak bukit sehingga untuk mencapai salib ini perlu sedikit effort untuk mendaki melewati jalan setapak diantara hutan pinus. Tapi tenang bagi yg tidak sanggup, ada jasa ojek motor yg siap sedia membawa kita ke atas. Walau tempat ini sudah cukup lama berdiri, tapi saat musim liburan masih ramai sekali dikunjungi. Tiket masuknya murah, saya lupa pastinya tapi dibawah 20 per orang dan wajib cashless menggunakan QRIS""",,5000,20000
"Patung Yesus, Bukit Sibeabea",Wisata Rohani,4.7,"Patung Yesus setinggi 61 meter, spot foto","HM2C+7X Turpuk Sihotang, Kec. Harian, Kabupaten Samosir, Sumatera Utara 22396",24 jam,"""Saya sangat suka sekali kesini,
Area nya bagus, jalanan bagus
Masuk sepeda motor 30 
Mobil 100 
Di dalam terserah berapa lama, bisa ubeg2 stiap sudut view yang bagus.
Menurutku sangat sangat worth it dan amazing, i love it""",,30000,100000
Taman Wisata Goa Bunda Maria,Wisata Rohani,4.8,tempat berdoa,"FRR5+X58, Gorat Pallombuan, Kec. Palipi, Kabupaten Samosir, Sumatera Utara 22393",08.00 - 18.00,"""Wisata Goa Bunda Maria yang berada di Palipi, Samosir. Masih sedikit yang tahu tempat ini. Jalan menuju kesini bagus, sudah aspal semua dan tidak sulit untuk menemukan tempat ini. Silahlan pasang di google maps dan kamu akan diarahkan tepat ditempat ini. Susternya ramah dan hangat dalam menyambut tamu yang datang. Disediakan lilin untuk berdoa dan ada kotak sumbangan seikhlas hati. Tempat yang nyaman untuk meneduhkan hati dengan pemandangan yang sangat indah dan menyejukkan mata. Kalian harus kesini hehehe""",,0,0
"Balerong - Balige, Toba Samosir, North Sumatra, Indonesia",Balai Masyarakat,4.3,Spot foto,"Jl. Lintas Sumatera No.88, Napitupulu Bagasan, Kec. Balige, Toba, Sumatera Utara 22312",24 jam ,"""Berharap segera bisa dibuka shg tdk berdagang di area kaki lima""",,0,0
Museum Batak T.B. Silalahi Center,Museum ,4.6,"Tempat sejarah, spot foto","Jl. Dr. TB. Silalahi No.88, Silalahi Pagar Batu, Kec. Balige, Toba, Sumatera Utara 20553",08.30 - 16.30,"""20.000 bebas menelusuri wilayah museum dan tiket parkir mobil Rp.""",,10000,20000
"Batak Museum
",Museum ,4.3,benda - benda kuno khas adat batak ,"MV26+725, Tomok, Simanindo, Kabupaten Samosir, Sumatera Utara 22395",08.00 - 20.00,"""Museum batak yang wajib dikunjungi jika berkunjung ke samosir, sebelum sampai kesini kita harus melewati pasar dahulu. Didalam museum kita dapat melihat benda2 kuno bersejarah khas adat batak samosir. Biaya masuk ke dalam Gratis, hanya perlu memberikan sumbangan sukarela untuk maintenance lokasi.""",,0,0
Pasar Tomok,Wisata Bisnis,4.4,"penjual ramah, kuliner khas batak","MV27+R3C, Tomok, Simanindo, Kabupaten Samosir, Sumatera Utara 22395",07.35 - 19.00,"""Went to shopping at Pasar Tomok, tempatnya cukup banyak stand, dan dekat ke beberapa lokasi seperti Patung menari Sigale-gale, Makam Raja Sidabutar. Orang Samosir juga rata2 ramah ke pengunjung luar 👍

Untuk barang yg di sini relatif lebih terjangkau, dan bisa menawar (bargaining price), better belanja disini jika mau beli banyak.

Shoutout to Inang dan bpk yang menjual baju disini, their authenticity and hospitality is heart warming""",,5000,10000
